start_number,category,time_str,time_seconds
3349,M35,1:02:00,3720
396,M30,1:03:44,3824
1402,M20,1:04:06,3846
390,M20,1:04:53,3893
563,M40,1:05:04,3904
391,M30,1:06:34,3994
903,M20,1:07:07,4027
2384,M45,1:07:08,4028
3302,M35,1:07:14,4034
6429,M40,1:07:34,4054
1058,M20,1:07:57,4077
3299,M40,1:08:08,4088
4378,M45,1:08:21,4101
1690,MU23,1:08:35,4115
3261,M55,1:08:37,4117
7292,M30,1:08:42,4122
1547,M30,1:08:52,4132
3580,M20,1:09:02,4142
324,M30,1:09:07,4147
272,M35,1:09:14,4154
2042,M35,1:09:29,4169
5488,M45,1:09:50,4190
5489,M20,1:09:51,4191
2144,M50,1:09:58,4198
7135,M30,1:09:59,4199
2576,M35,1:10:01,4201
690,M20,1:10:04,4204
4393,M45,1:10:17,4217
740,M40,1:11:13,4273
2468,M35,1:11:13,4273
5476,M45,1:11:26,4286
123,M35,1:11:30,4290
1377,M40,1:11:32,4292
1420,M50,1:11:33,4293
7059,M45,1:12:02,4322
1987,MU23,1:12:09,4329
672,M35,1:12:27,4347
714,M40,1:12:28,4348
154,M20,1:12:29,4349
7068,M30,1:12:31,4351
150,M30,1:12:50,4370
3601,M50,1:12:51,4371
3177,M35,1:13:28,4408
146,M20,1:13:37,4417
322,M40,1:13:43,4423
2567,M20,1:14:15,4455
4380,M50,1:14:27,4467
4270,M35,1:14:43,4483
1404,M55,1:14:48,4488
6260,M45,1:14:58,4498
2485,M40,1:15:02,4502
2611,M40,1:15:03,4503
1619,M20,1:15:10,4510
2558,M30,1:15:12,4512
153,MU23,1:15:13,4513
3104,M55,1:15:20,4520
1459,M50,1:15:27,4527
895,M40,1:15:27,4527
1983,M20,1:15:28,4528
938,M20,1:15:31,4531
1390,M40,1:15:37,4537
2138,M30,1:15:41,4541
2099,M35,1:15:42,4542
3251,M55,1:15:42,4542
4323,M20,1:15:44,4544
1562,M20,1:16:00,4560
1017,M45,1:16:06,4566
4335,M35,1:16:08,4568
1374,M20,1:16:13,4573
1384,M55,1:16:14,4574
1634,MU20,1:16:17,4577
1637,M40,1:16:17,4577
2478,M45,1:16:22,4582
1699,M20,1:16:25,4585
1989,M60,1:16:26,4586
3011,M40,1:16:27,4587
3675,M30,1:16:32,4592
1552,M20,1:16:34,4594
5477,M45,1:16:36,4596
5540,M20,1:16:41,4601
306,M20,1:16:45,4605
7119,MU23,1:16:45,4605
3257,M40,1:16:46,4606
5289,M50,1:16:47,4607
1104,M35,1:16:47,4607
4311,M20,1:16:48,4608
472,M45,1:16:50,4610
4336,M40,1:16:51,4611
6267,M20,1:16:58,4618
757,M40,1:17:00,4620
2535,M20,1:17:02,4622
5469,M50,1:17:02,4622
4460,M45,1:17:22,4642
266,M40,1:17:25,4645
3597,M20,1:17:26,4646
2319,M35,1:17:27,4647
4418,M20,1:17:28,4648
641,M35,1:17:29,4649
6338,M40,1:17:33,4653
1392,M60,1:17:35,4655
3349,M35,1:02:00,3720
396,M30,1:03:44,3824
1402,M20,1:04:06,3846
390,M20,1:04:53,3893
563,M40,1:05:04,3904
391,M30,1:06:34,3994
903,M20,1:07:07,4027
2384,M45,1:07:08,4028
3302,M35,1:07:14,4034
6429,M40,1:07:34,4054
1058,M20,1:07:57,4077
3299,M40,1:08:08,4088
4378,M45,1:08:21,4101
1690,MU23,1:08:35,4115
3261,M55,1:08:37,4117
7292,M30,1:08:42,4122
1547,M30,1:08:52,4132
3580,M20,1:09:02,4142
324,M30,1:09:07,4147
272,M35,1:09:14,4154
2042,M35,1:09:29,4169
5488,M45,1:09:50,4190
5489,M20,1:09:51,4191
2144,M50,1:09:58,4198
7135,M30,1:09:59,4199
2576,M35,1:10:01,4201
690,M20,1:10:04,4204
4393,M45,1:10:17,4217
740,M40,1:11:13,4273
2468,M35,1:11:13,4273
5476,M45,1:11:26,4286
123,M35,1:11:30,4290
1377,M40,1:11:32,4292
1420,M50,1:11:33,4293
7059,M45,1:12:02,4322
1987,MU23,1:12:09,4329
672,M35,1:12:27,4347
714,M40,1:12:28,4348
154,M20,1:12:29,4349
7068,M30,1:12:31,4351
150,M30,1:12:50,4370
3601,M50,1:12:51,4371
3177,M35,1:13:28,4408
146,M20,1:13:37,4417
322,M40,1:13:43,4423
2567,M20,1:14:15,4455
4380,M50,1:14:27,4467
4270,M35,1:14:43,4483
1404,M55,1:14:48,4488
6260,M45,1:14:58,4498
2485,M40,1:15:02,4502
2611,M40,1:15:03,4503
1619,M20,1:15:10,4510
2558,M30,1:15:12,4512
153,MU23,1:15:13,4513
3104,M55,1:15:20,4520
1459,M50,1:15:27,4527
895,M40,1:15:27,4527
1983,M20,1:15:28,4528
938,M20,1:15:31,4531
1390,M40,1:15:37,4537
2138,M30,1:15:41,4541
2099,M35,1:15:42,4542
3251,M55,1:15:42,4542
4323,M20,1:15:44,4544
1562,M20,1:16:00,4560
1017,M45,1:16:06,4566
4335,M35,1:16:08,4568
1374,M20,1:16:13,4573
1384,M55,1:16:14,4574
1634,MU20,1:16:17,4577
1637,M40,1:16:17,4577
2478,M45,1:16:22,4582
1699,M20,1:16:25,4585
1989,M60,1:16:26,4586
3011,M40,1:16:27,4587
3675,M30,1:16:32,4592
1552,M20,1:16:34,4594
5477,M45,1:16:36,4596
5540,M20,1:16:41,4601
306,M20,1:16:45,4605
7119,MU23,1:16:45,4605
3257,M40,1:16:46,4606
5289,M50,1:16:47,4607
1104,M35,1:16:47,4607
4311,M20,1:16:48,4608
472,M45,1:16:50,4610
4336,M40,1:16:51,4611
6267,M20,1:16:58,4618
757,M40,1:17:00,4620
2535,M20,1:17:02,4622
5469,M50,1:17:02,4622
4460,M45,1:17:22,4642
266,M40,1:17:25,4645
3597,M20,1:17:26,4646
2319,M35,1:17:27,4647
4418,M20,1:17:28,4648
641,M35,1:17:29,4649
6338,M40,1:17:33,4653
1392,M60,1:17:35,4655
5500,M20,1:17:38,4658
1476,M45,1:17:42,4662
1471,M40,1:17:43,4663
1687,M40,1:17:45,4665
7163,M30,1:17:47,4667
2069,M35,1:17:58,4678
1047,M30,1:17:59,4679
3575,M55,1:17:59,4679
3602,M45,1:17:59,4679
1712,M40,1:18:00,4680
1028,M40,1:18:02,4682
4384,M50,1:18:02,4682
1915,M20,1:18:10,4690
4381,M20,1:18:15,4695
2640,M20,1:18:21,4701
5082,M30,1:18:25,4705
5233,M45,1:18:29,4709
1345,M50,1:18:31,4711
3606,M40,1:18:39,4719
1771,M40,1:18:40,4720
5000,M40,1:18:40,4720
141,M30,1:18:41,4721
3573,M35,1:18:44,4724
734,M50,1:18:47,4727
1033,M55,1:18:47,4727
5069,M40,1:18:51,4731
1991,MU23,1:18:51,4731
7105,M35,1:18:56,4736
2548,M35,1:19:03,4743
402,M45,1:19:04,4744
562,MU20,1:19:04,4744
657,M35,1:19:04,4744
7150,M40,1:19:06,4746
3184,M30,1:19:06,4746
5224,M45,1:19:07,4747
5483,M20,1:19:12,4752
1616,M45,1:19:16,4756
2189,M35,1:19:17,4757
1620,M35,1:19:21,4761
3650,M45,1:19:23,4763
3660,M50,1:19:27,4767
269,M55,1:19:29,4769
5180,M45,1:19:36,4776
1716,M45,1:19:39,4779
1373,M35,1:19:47,4787
3053,M35,1:19:48,4788
5512,M50,1:19:51,4791
441,M50,1:19:54,4794
2310,M30,1:19:54,4794
3487,M20,1:19:56,4796
3576,M20,1:19:56,4796
1431,M50,1:20:06,4806
1461,M40,1:20:09,4809
379,M50,1:20:10,4810
3680,M40,1:20:13,4813
3110,M50,1:20:15,4815
1675,M20,1:20:17,4817
319,M35,1:20:28,4828
927,M20,1:20:32,4832
7063,M40,1:20:36,4836
2147,M60,1:20:37,4837
6456,M45,1:20:37,4837
3004,M55,1:20:42,4842
2489,M35,1:20:42,4842
467,M60,1:20:45,4845
6315,M35,1:20:45,4845
644,MU23,1:20:46,4846
1857,M50,1:20:47,4847
1472,M40,1:20:53,4853
6329,M40,1:20:54,4854
2475,M35,1:20:55,4855
939,M30,1:20:55,4855
4415,M45,1:21:01,4861
6390,M40,1:21:03,4863
1775,M30,1:21:04,4864
1427,M30,1:21:08,4868
3656,M45,1:21:11,4871
2055,M50,1:21:14,4874
2234,M40,1:21:20,4880
494,M55,1:21:22,4882
1923,M20,1:21:23,4883
5468,M45,1:21:27,4887
7122,M35,1:21:28,4888
3001,M30,1:21:30,4890
1636,M45,1:21:34,4894
5157,M40,1:21:34,4894
703,M40,1:21:35,4895
4439,M20,1:21:37,4897
683,M20,1:21:39,4899
797,M40,1:21:43,4903
754,M20,1:21:44,4904
6119,M40,1:21:45,4905
701,M45,1:21:46,4906
1100,M50,1:21:53,4913
941,M20,1:21:55,4915
7226,M40,1:21:56,4916
917,MU20,1:21:59,4919
5285,M50,1:21:59,4919
3604,M30,1:22:03,4923
851,M45,1:22:08,4928
3623,M55,1:22:10,4930
7048,M40,1:22:11,4931
312,M35,1:22:13,4933
1549,M20,1:22:13,4933
5589,M45,1:22:16,4936
3582,M20,1:22:17,4937
7081,M20,1:22:20,4940
3398,M45,1:22:21,4941
3397,M50,1:22:21,4941
1446,M30,1:22:24,4944
3479,M40,1:22:26,4946
1241,M20,1:22:40,4960
1250,MU23,1:22:40,4960
3594,MU23,1:22:44,4964
3666,M30,1:22:44,4964
3665,M40,1:22:44,4964
1736,M35,1:22:47,4967
7159,M35,1:22:50,4970
1094,M50,1:22:52,4972
909,M45,1:22:54,4974
4376,M40,1:22:54,4974
357,M45,1:22:56,4976
2561,M40,1:22:59,4979
684,M40,1:23:02,4982
3197,M40,1:23:03,4983
6457,M35,1:23:04,4984
5306,M45,1:23:07,4987
1212,M50,1:23:07,4987
2533,M30,1:23:10,4990
5353,M45,1:23:10,4990
3626,MU20,1:23:15,4995
5308,M50,1:23:21,5001
738,M20,1:23:22,5002
3478,M60,1:23:25,5005
1548,M20,1:23:26,5006
720,M30,1:23:34,5014
4457,M45,1:23:36,5016
5531,M20,1:23:37,5017
4386,M50,1:23:37,5017
4389,M45,1:23:38,5018
480,M50,1:23:38,5018
6018,M45,1:23:40,5020
4426,M35,1:23:41,5021
406,M35,1:23:43,5023
152,M35,1:23:46,5026
5305,M30,1:23:46,5026
6126,M45,1:23:48,5028
2606,M55,1:23:48,5028
2473,M55,1:23:51,5031
3010,M50,1:23:51,5031
1169,MU20,1:23:51,5031
3180,M55,1:23:52,5032
4375,M40,1:24:00,5040
915,M50,1:24:00,5040
1069,M50,1:24:02,5042
1346,MU20,1:24:02,5042
1434,M40,1:24:04,5044
761,M40,1:24:04,5044
820,M30,1:24:06,5046
2233,M55,1:24:09,5049
3569,M40,1:24:09,5049
1838,M35,1:24:09,5049
5431,M35,1:24:15,5055
2566,M35,1:24:15,5055
4413,M30,1:24:15,5055
7039,M45,1:24:15,5055
4401,M30,1:24:15,5055
1256,M40,1:24:16,5056
945,M40,1:24:20,5060
1558,MU23,1:24:22,5062
6322,M45,1:24:23,5063
455,M40,1:24:24,5064
1220,M65,1:24:25,5065
3596,M45,1:24:27,5067
2559,M45,1:24:28,5068
3100,M60,1:24:29,5069
5558,M40,1:24:30,5070
572,MU20,1:24:31,5071
2136,M55,1:24:32,5072
655,M45,1:24:32,5072
1466,M20,1:24:33,5073
664,M20,1:24:33,5073
879,M50,1:24:41,5081
4433,M40,1:24:42,5082
3584,M55,1:24:42,5082
1277,M55,1:24:42,5082
6133,M30,1:24:42,5082
647,M45,1:24:47,5087
4004,M40,1:24:49,5089
2637,M40,1:24:50,5090
2545,M40,1:24:50,5090
3536,M30,1:24:51,5091
5494,M45,1:24:51,5091
2088,M50,1:24:52,5092
342,M55,1:24:52,5092
1841,M50,1:24:54,5094
2425,M40,1:24:57,5097
1036,M40,1:24:59,5099
1728,M50,1:25:01,5101
722,M30,1:25:02,5102
347,M45,1:25:06,5106
5429,M40,1:25:07,5107
1773,M45,1:25:08,5108
1197,M20,1:25:09,5109
482,M20,1:25:10,5110
3568,M50,1:25:10,5110
2365,M30,1:25:14,5114
1455,M50,1:25:15,5115
1556,M20,1:25:16,5116
4026,M50,1:25:16,5116
1239,M45,1:25:17,5117
1682,M55,1:25:17,5117
1430,M45,1:25:17,5117
3182,M40,1:25:17,5117
1693,M45,1:25:19,5119
5522,M50,1:25:21,5121
3579,M40,1:25:24,5124
1053,M60,1:25:25,5125
447,M50,1:25:25,5125
3207,M65,1:25:27,5127
1101,M55,1:25:28,5128
2568,M30,1:25:28,5128
6389,M20,1:25:29,5129
2086,M45,1:25:30,5130
5221,M45,1:25:33,5133
1870,M50,1:25:34,5134
758,M40,1:25:35,5135
2284,M50,1:25:36,5136
5520,M35,1:25:37,5137
1435,M20,1:25:37,5137
5391,M60,1:25:38,5138
633,M55,1:25:40,5140
1429,M30,1:25:42,5142
4344,M20,1:25:43,5143
5068,M35,1:25:44,5144
829,M55,1:25:45,5145
1839,M35,1:25:45,5145
748,M50,1:25:50,5150
3134,M35,1:25:50,5150
2603,M30,1:25:52,5152
3296,M55,1:25:52,5152
5524,M50,1:25:53,5153
5283,M40,1:25:54,5154
577,M55,1:25:55,5155
1537,M40,1:25:55,5155
2625,M30,1:25:55,5155
6385,M20,1:25:56,5156
2463,MU20,1:25:57,5157
6380,M20,1:25:57,5157
1386,M55,1:26:01,5161
1073,M55,1:26:02,5162
5008,M50,1:26:03,5163
327,M50,1:26:06,5166
3578,M40,1:26:06,5166
750,M45,1:26:09,5169
7053,M40,1:26:09,5169
926,M30,1:26:11,5171
1512,M55,1:26:13,5173
5428,M55,1:26:14,5174
7035,M45,1:26:16,5176
1051,M45,1:26:19,5179
3685,M30,1:26:27,5187
3192,M35,1:26:28,5188
5495,M45,1:26:30,5190
5503,M45,1:26:30,5190
1864,M55,1:26:30,5190
3253,M50,1:26:31,5191
2600,M55,1:26:31,5191
4011,M45,1:26:35,5195
4053,M60,1:26:36,5196
331,M50,1:26:36,5196
6423,M35,1:26:39,5199
136,M30,1:26:39,5199
5234,M20,1:26:39,5199
983,M30,1:26:40,5200
1770,M45,1:26:41,5201
1592,M20,1:26:43,5203
6406,M40,1:26:44,5204
6430,M50,1:26:44,5204
1027,M55,1:26:46,5206
4034,M45,1:26:46,5206
1453,M45,1:26:47,5207
6026,M45,1:26:48,5208
1195,MU20,1:26:48,5208
2609,M50,1:26:49,5209
2011,M20,1:26:51,5211
1233,M65,1:26:53,5213
1926,M45,1:26:55,5215
382,M50,1:26:56,5216
5475,M35,1:26:57,5217
6265,M40,1:26:58,5218
4451,M50,1:26:58,5218
6222,M20,1:26:59,5219
6040,M55,1:27:00,5220
2492,M45,1:27:01,5221
5181,M55,1:27:04,5224
632,M20,1:27:06,5226
3595,M20,1:27:06,5226
1702,M30,1:27:11,5231
7047,M45,1:27:14,5234
3321,M55,1:27:15,5235
310,M45,1:27:16,5236
2590,M40,1:27:17,5237
3039,M40,1:27:17,5237
551,MU20,1:27:19,5239
1868,M50,1:27:21,5241
7092,M50,1:27:24,5244
4405,M30,1:27:25,5245
1532,M50,1:27:27,5247
271,M40,1:27:28,5248
2449,M35,1:27:29,5249
5425,M45,1:27:33,5253
6027,M30,1:27:34,5254
2154,M40,1:27:39,5259
7114,M35,1:27:40,5260
5506,M45,1:27:41,5261
1349,M40,1:27:42,5262
5505,M45,1:27:42,5262
1249,M40,1:27:43,5263
1856,M20,1:27:43,5263
499,M35,1:27:46,5266
1364,M50,1:27:48,5268
3552,M35,1:27:54,5274
3117,M45,1:27:57,5277
5559,M50,1:27:58,5278
2045,M55,1:28:00,5280
6408,M45,1:28:02,5282
5035,M20,1:28:02,5282
1423,M45,1:28:06,5286
1750,M40,1:28:06,5286
3503,M40,1:28:10,5290
4398,MU23,1:28:10,5290
4098,M60,1:28:11,5291
5513,M40,1:28:12,5292
893,M45,1:28:13,5293
1743,M20,1:28:13,5293
3561,M30,1:28:13,5293
4397,M20,1:28:14,5294
1272,M55,1:28:14,5294
4199,M35,1:28:15,5295
4206,M35,1:28:16,5296
1677,M50,1:28:17,5297
874,M50,1:28:18,5298
864,M40,1:28:21,5301
7118,M30,1:28:23,5303
6414,M50,1:28:23,5303
3205,M30,1:28:25,5305
5485,M55,1:28:27,5307
4446,M50,1:28:29,5309
2316,M30,1:28:32,5312
1063,M30,1:28:32,5312
1982,M45,1:28:36,5316
1225,M30,1:28:37,5317
5386,M30,1:28:39,5319
3046,MU20,1:28:40,5320
3588,M35,1:28:40,5320
580,M45,1:28:41,5321
3400,M45,1:28:41,5321
487,M20,1:28:42,5322
5004,M40,1:28:43,5323
2570,M55,1:28:43,5323
7145,M35,1:28:43,5323
1370,M35,1:28:43,5323
2480,M35,1:28:46,5326
1295,M40,1:28:46,5326
980,M45,1:28:46,5326
2469,M55,1:28:47,5327
5324,M50,1:28:47,5327
1859,M30,1:28:48,5328
4310,M30,1:28:48,5328
2476,MU20,1:28:50,5330
3129,M40,1:28:52,5332
1276,M50,1:28:53,5333
375,M50,1:28:56,5336
2635,M35,1:28:57,5337
2537,M45,1:28:58,5338
2432,M50,1:28:58,5338
6277,M40,1:29:00,5340
1270,M45,1:29:02,5342
681,M45,1:29:02,5342
1110,M30,1:29:03,5343
1190,M20,1:29:06,5346
1421,M45,1:29:09,5349
3657,M20,1:29:10,5350
2244,M40,1:29:10,5350
1673,M55,1:29:10,5350
4423,M20,1:29:12,5352
866,M45,1:29:12,5352
831,MU20,1:29:14,5354
819,MU20,1:29:14,5354
1543,M35,1:29:17,5357
575,M50,1:29:20,5360
3545,M35,1:29:22,5362
378,M30,1:29:24,5364
5079,M30,1:29:26,5366
1079,M55,1:29:28,5368
4315,M40,1:29:28,5368
2192,M50,1:29:29,5369
6123,M35,1:29:29,5369
3419,M65,1:29:31,5371
4023,M50,1:29:32,5372
1339,M35,1:29:33,5373
6447,M30,1:29:37,5377
6400,M20,1:29:38,5378
1007,M55,1:29:39,5379
6129,M40,1:29:39,5379
1227,M45,1:29:41,5381
5507,M45,1:29:43,5383
268,MU20,1:29:45,5385
3583,M30,1:29:47,5387
6407,M50,1:29:49,5389
4309,M30,1:29:49,5389
4317,M40,1:29:52,5392
1201,M40,1:29:52,5392
2098,M50,1:29:53,5393
6436,M40,1:29:53,5393
7015,M40,1:29:54,5394
6006,M35,1:29:55,5395
4204,M35,1:30:03,5403
5482,M40,1:30:05,5405
2054,M40,1:30:07,5407
1243,M35,1:30:07,5407
505,M60,1:30:10,5410
6045,M20,1:30:10,5410
4461,M60,1:30:11,5411
7051,M75,1:30:12,5412
6446,M50,1:30:14,5414
696,M30,1:30:14,5414
747,MU23,1:30:15,5415
4449,M45,1:30:19,5419
1178,M35,1:30:19,5419
6382,M20,1:30:21,5421
4085,M45,1:30:25,5425
2434,M50,1:30:27,5427
840,M40,1:30:27,5427
4338,M50,1:30:28,5428
912,M50,1:30:29,5429
3005,M60,1:30:31,5431
844,M20,1:30:31,5431
394,M20,1:30:35,5435
2564,M30,1:30:35,5435
1255,M40,1:30:35,5435
5003,M55,1:30:36,5436
1723,M45,1:30:36,5436
5002,M55,1:30:36,5436
1612,M50,1:30:37,5437
899,M30,1:30:39,5439
2524,M55,1:30:39,5439
1523,M50,1:30:46,5446
4400,M35,1:30:47,5447
368,M35,1:30:50,5450
2087,M50,1:30:51,5451
2094,M35,1:30:51,5451
4331,M30,1:30:53,5453
2314,M60,1:30:54,5454
7134,M35,1:30:56,5456
1531,M40,1:30:58,5458
3581,M45,1:31:04,5464
1230,M40,1:31:04,5464
5170,M45,1:31:05,5465
3476,M30,1:31:05,5465
3589,M30,1:31:06,5466
3115,M40,1:31:06,5466
4203,M40,1:31:06,5466
1105,M45,1:31:11,5471
1222,M40,1:31:11,5471
5189,M45,1:31:13,5473
2078,M45,1:31:23,5483
1011,M55,1:31:24,5484
6023,M45,1:31:24,5484
3112,M30,1:31:25,5485
4330,M50,1:31:26,5486
2061,M40,1:31:26,5486
3239,M50,1:31:27,5487
4452,M40,1:31:28,5488
1030,M40,1:31:31,5491
4087,M40,1:31:32,5492
6072,M55,1:31:34,5494
5541,M60,1:31:35,5495
6397,M30,1:31:35,5495
1854,M40,1:31:36,5496
5067,M65,1:31:36,5496
1921,M20,1:31:36,5496
7213,M30,1:31:37,5497
2534,M60,1:31:41,5501
6384,M30,1:31:41,5501
4148,M35,1:31:42,5502
4429,M50,1:31:42,5502
1257,M35,1:31:48,5508
1065,M20,1:31:48,5508
2591,MU23,1:31:49,5509
7147,M45,1:31:51,5511
4387,M45,1:31:53,5513
261,MU20,1:31:53,5513
4324,M60,1:31:55,5515
2020,M55,1:31:55,5515
1335,M30,1:31:55,5515
1361,M40,1:31:58,5518
3655,M55,1:31:58,5518
2058,M65,1:32:00,5520
6224,M50,1:32:03,5523
5588,M50,1:32:05,5525
887,M40,1:32:06,5526
5560,M60,1:32:06,5526
1467,M20,1:32:07,5527
4407,MU23,1:32:09,5529
3481,M35,1:32:11,5531
6448,M55,1:32:11,5531
6418,M60,1:32:12,5532
850,M30,1:32:12,5532
4320,M30,1:32:12,5532
5348,M45,1:32:13,5533
882,M50,1:32:14,5534
6037,M50,1:32:15,5535
826,M55,1:32:17,5537
718,M20,1:32:17,5537
307,M30,1:32:18,5538
5183,M55,1:32:20,5540
5582,M40,1:32:21,5541
3652,M20,1:32:21,5541
1757,M50,1:32:21,5541
4094,M60,1:32:22,5542
6394,M20,1:32:23,5543
403,M40,1:32:24,5544
1722,M50,1:32:24,5544
1418,M60,1:32:25,5545
3493,M30,1:32:26,5546
532,M30,1:32:26,5546
531,M20,1:32:26,5546
3498,M30,1:32:27,5547
2544,M55,1:32:28,5548
1209,M20,1:32:29,5549
377,M55,1:32:31,5551
4086,M50,1:32:31,5551
2373,M45,1:32:33,5553
865,M35,1:32:34,5554
5164,M35,1:32:37,5557
841,M30,1:32:39,5559
3040,MU20,1:32:42,5562
1096,M20,1:32:44,5564
907,M50,1:32:49,5569
7112,M45,1:32:54,5574
5384,M45,1:32:55,5575
1872,M55,1:32:56,5576
708,M20,1:32:57,5577
1822,M55,1:32:59,5579
706,M20,1:33:01,5581
2553,M20,1:33:02,5582
719,M55,1:33:04,5584
3574,M55,1:33:05,5585
3475,M20,1:33:05,5585
6405,M40,1:33:05,5585
6339,M45,1:33:06,5586
2074,M40,1:33:07,5587
6412,M35,1:33:08,5588
3634,M45,1:33:08,5588
2562,M35,1:33:09,5589
4035,M40,1:33:10,5590
7106,M30,1:33:12,5592
7111,M40,1:33:12,5592
1042,M50,1:33:14,5594
1766,M30,1:33:15,5595
3047,M70,1:33:16,5596
1689,M55,1:33:20,5600
1546,M20,1:33:20,5600
468,M40,1:33:22,5602
3186,M30,1:33:22,5602
5542,M40,1:33:22,5602
2294,M35,1:33:23,5603
459,M35,1:33:23,5603
3009,M40,1:33:23,5603
4051,M30,1:33:24,5604
4202,M35,1:33:24,5604
891,M20,1:33:25,5605
1192,M50,1:33:27,5607
1029,M50,1:33:27,5607
1341,M40,1:33:27,5607
3006,M35,1:33:28,5608
4024,M35,1:33:28,5608
911,M45,1:33:29,5609
1617,M40,1:33:30,5610
2628,M30,1:33:31,5611
4314,M55,1:33:31,5611
1934,MU20,1:33:35,5615
1234,M50,1:33:36,5616
1681,M35,1:33:37,5617
1678,M35,1:33:38,5618
613,M35,1:33:38,5618
2156,M45,1:33:40,5620
521,M45,1:33:45,5625
1115,M50,1:33:46,5626
1986,M35,1:33:47,5627
265,M50,1:33:48,5628
6340,M50,1:33:49,5629
1278,M40,1:33:49,5629
6274,M50,1:33:50,5630
2002,M45,1:33:53,5633
2542,M20,1:33:54,5634
812,M35,1:33:54,5634
3244,M40,1:33:54,5634
1382,M55,1:33:57,5637
2028,M45,1:33:57,5637
2579,M30,1:33:58,5638
638,M55,1:33:59,5639
857,M30,1:33:59,5639
1873,M35,1:34:00,5640
3559,M45,1:34:01,5641
373,M40,1:34:05,5645
6017,M30,1:34:07,5647
867,M35,1:34:07,5647
2246,M50,1:34:13,5653
2324,M45,1:34:15,5655
3013,M50,1:34:16,5656
3014,M50,1:34:16,5656
1755,M40,1:34:17,5657
1055,M40,1:34:19,5659
1762,M60,1:34:19,5659
3494,M45,1:34:20,5660
3570,M40,1:34:20,5660
5038,M60,1:34:21,5661
7029,M55,1:34:21,5661
5249,M60,1:34:21,5661
4272,M55,1:34:21,5661
6426,M30,1:34:22,5662
313,M40,1:34:23,5663
142,M30,1:34:23,5663
464,M50,1:34:25,5665
491,M45,1:34:26,5666
2422,M55,1:34:27,5667
2376,MU23,1:34:27,5667
1848,M50,1:34:27,5667
4382,M55,1:34:27,5667
6379,M55,1:34:29,5669
1411,M35,1:34:29,5669
262,M20,1:34:29,5669
5548,M50,1:34:29,5669
2601,M30,1:34:30,5670
1935,M20,1:34:31,5671
2460,M45,1:34:31,5671
2639,M30,1:34:32,5672
2424,M50,1:34:32,5672
4141,MU20,1:34:35,5675
3295,M60,1:34:35,5675
2617,M70,1:34:36,5676
267,M35,1:34:37,5677
3605,M50,1:34:40,5680
4406,M50,1:34:41,5681
3603,M20,1:34:41,5681
5241,M70,1:34:42,5682
4448,M60,1:34:42,5682
2009,M60,1:34:42,5682
3300,M40,1:34:43,5683
6419,M30,1:34:43,5683
370,M55,1:34:44,5684
2243,M50,1:34:44,5684
6395,M50,1:34:45,5685
140,M35,1:34:45,5685
1519,M35,1:34:45,5685
4321,M30,1:34:48,5688
1628,M20,1:34:48,5688
4402,M50,1:34:49,5689
2619,M50,1:34:50,5690
1862,MU20,1:34:54,5694
2082,M20,1:34:54,5694
7050,M55,1:34:55,5695
810,M55,1:34:56,5696
560,M30,1:34:59,5699
623,M45,1:35:02,5702
7103,M30,1:35:04,5704
2529,M20,1:35:09,5709
4399,M45,1:35:19,5719
1609,M40,1:35:25,5725
1010,M35,1:35:26,5726
4419,M50,1:35:28,5728
4383,M40,1:35:30,5730
7149,M45,1:35:32,5732
6258,M55,1:35:33,5733
3241,M40,1:35:34,5734
1271,M35,1:35:35,5735
666,M45,1:35:36,5736
3558,M35,1:35:38,5738
862,M40,1:35:40,5740
651,M55,1:35:41,5741
4260,M35,1:35:45,5745
1156,M60,1:35:45,5745
7073,M40,1:35:47,5747
6413,M35,1:35:47,5747
4333,M45,1:35:47,5747
2037,M50,1:35:48,5748
5535,M70,1:35:48,5748
1014,M35,1:35:50,5750
5521,M55,1:35:51,5751
3537,M55,1:35:51,5751
5551,M20,1:35:51,5751
5148,M55,1:35:53,5753
316,M45,1:35:55,5755
716,M30,1:35:55,5755
2104,M55,1:35:58,5758
4312,M60,1:36:01,5761
4032,M20,1:36:01,5761
3323,M45,1:36:03,5763
144,M30,1:36:04,5764
2472,M60,1:36:06,5766
942,M40,1:36:10,5770
802,M40,1:36:11,5771
3087,M45,1:36:11,5771
2421,M50,1:36:12,5772
4388,M45,1:36:12,5772
3477,M40,1:36:12,5772
1383,M60,1:36:14,5774
3045,M55,1:36:16,5776
4425,M35,1:36:17,5777
5142,M30,1:36:18,5778
3196,M40,1:36:21,5781
1285,M55,1:36:22,5782
2083,M40,1:36:23,5783
3128,M65,1:36:24,5784
2378,M35,1:36:29,5789
2366,M65,1:36:31,5791
1102,M55,1:36:31,5791
6401,M40,1:36:31,5791
7096,M60,1:36:31,5791
2313,M40,1:36:32,5792
3037,M70,1:36:34,5794
6052,M60,1:36:37,5797
3122,M65,1:36:38,5798
717,M40,1:36:39,5799
388,M40,1:36:40,5800
5303,M50,1:36:41,5801
1761,M55,1:36:41,5801
6124,M65,1:36:41,5801
3654,M50,1:36:42,5802
3023,M45,1:36:42,5802
1993,M30,1:36:42,5802
583,M45,1:36:43,5803
2021,M20,1:36:46,5806
3571,M50,1:36:47,5807
3049,M55,1:36:47,5807
5281,M55,1:36:50,5810
1603,M40,1:36:51,5811
1695,M60,1:36:51,5811
1914,M30,1:36:51,5811
7298,M55,1:36:53,5813
3174,M40,1:36:53,5813
2452,M40,1:36:54,5814
1379,M40,1:36:54,5814
3661,M40,1:36:57,5817
1774,M50,1:36:57,5817
2470,M40,1:36:57,5817
1598,MU23,1:36:57,5817
3553,M55,1:36:59,5819
1688,M30,1:37:01,5821
2232,M55,1:37:01,5821
3499,M20,1:37:01,5821
2070,M60,1:37:01,5821
922,M20,1:37:02,5822
944,M20,1:37:02,5822
3630,M55,1:37:02,5822
948,M20,1:37:03,5823
7131,M55,1:37:04,5824
2555,M40,1:37:05,5825
2556,M40,1:37:05,5825
6334,M45,1:37:10,5830
7014,M40,1:37:10,5830
1344,M45,1:37:11,5831
649,M55,1:37:11,5831
1709,M35,1:37:12,5832
1559,M65,1:37:12,5832
6049,M50,1:37:15,5835
3020,M40,1:37:15,5835
4054,M50,1:37:16,5836
1555,M35,1:37:16,5836
5388,M35,1:37:20,5840
923,M30,1:37:21,5841
1012,M50,1:37:22,5842
5550,M45,1:37:23,5843
6272,M35,1:37:23,5843
3489,M40,1:37:28,5848
4456,M45,1:37:28,5848
3495,M55,1:37:30,5850
3206,M50,1:37:31,5851
3090,M20,1:37:31,5851
3172,M40,1:37:31,5851
393,M50,1:37:31,5851
5060,M55,1:37:33,5853
3405,M45,1:37:34,5854
5499,M50,1:37:35,5855
2618,M40,1:37:38,5858
2467,M40,1:37:38,5858
3041,MU20,1:37:38,5858
5423,M60,1:37:39,5859
7297,M55,1:37:40,5860
4043,M55,1:37:41,5861
400,M40,1:37:42,5862
1387,M45,1:37:42,5862
881,M50,1:37:45,5865
5424,M40,1:37:45,5865
1602,M45,1:37:45,5865
3168,M35,1:37:45,5865
4048,M55,1:37:47,5867
4132,M35,1:37:48,5868
1196,M35,1:37:48,5868
6132,M40,1:37:49,5869
3042,M45,1:37:49,5869
625,M55,1:37:49,5869
1376,M35,1:37:51,5871
652,M40,1:37:51,5871
1525,M50,1:37:51,5871
6046,M50,1:37:52,5872
2093,M40,1:37:53,5873
678,M45,1:37:53,5873
877,M30,1:37:53,5873
4261,M50,1:37:55,5875
559,M45,1:37:56,5876
1606,M20,1:37:57,5877
7153,M20,1:37:58,5878
3089,M50,1:38:00,5880
1066,M50,1:38:00,5880
332,M40,1:38:04,5884
1214,M30,1:38:04,5884
1173,M45,1:38:05,5885
1454,M45,1:38:08,5888
3647,M40,1:38:10,5890
3298,M35,1:38:10,5890
1530,M30,1:38:10,5890
933,M40,1:38:11,5891
2621,M35,1:38:12,5892
4385,M60,1:38:13,5893
3471,M20,1:38:13,5893
670,M40,1:38:13,5893
2571,M50,1:38:14,5894
5555,M20,1:38:14,5894
1941,M60,1:38:15,5895
1246,M40,1:38:15,5895
4447,M50,1:38:15,5895
1334,M50,1:38:17,5897
5075,MU23,1:38:17,5897
5527,M40,1:38:17,5897
361,M30,1:38:18,5898
304,M45,1:38:19,5899
3679,M55,1:38:24,5904
1347,M30,1:38:24,5904
371,M40,1:38:25,5905
1776,M40,1:38:26,5906
3320,M50,1:38:26,5906
1763,M40,1:38:27,5907
3306,M50,1:38:27,5907
1684,M45,1:38:27,5907
1845,M50,1:38:30,5910
4377,M55,1:38:34,5914
6268,M60,1:38:37,5917
4318,M20,1:38:38,5918
4147,M60,1:38:38,5918
1729,M50,1:38:40,5920
805,M20,1:38:40,5920
815,M30,1:38:43,5923
1730,M50,1:38:44,5924
1741,M55,1:38:47,5927
1185,M40,1:38:47,5927
7026,M65,1:38:48,5928
5504,M55,1:38:49,5929
5480,M55,1:38:49,5929
7069,M45,1:38:50,5930
2626,M50,1:38:52,5932
2574,M35,1:38:53,5933
5538,M60,1:38:56,5936
5389,M30,1:38:57,5937
7095,M30,1:39:04,5944
639,M40,1:39:05,5945
1049,M30,1:39:05,5945
4031,M65,1:39:05,5945
3648,M50,1:39:07,5947
700,M40,1:39:10,5950
3185,M40,1:39:10,5950
3194,M30,1:39:11,5951
6428,M40,1:39:11,5951
845,M45,1:39:12,5952
490,M20,1:39:13,5953
3658,M50,1:39:14,5954
7121,M35,1:39:14,5954
1996,M45,1:39:15,5955
6275,M45,1:39:16,5956
2380,MU20,1:39:16,5956
2381,M75,1:39:16,5956
1242,M30,1:39:18,5958
698,M20,1:39:19,5959
854,M55,1:39:20,5960
5250,M50,1:39:20,5960
6333,M45,1:39:22,5962
4192,M65,1:39:23,5963
2584,M45,1:39:28,5968
3610,M35,1:39:30,5970
3599,M40,1:39:30,5970
3649,M55,1:39:31,5971
2097,M45,1:39:33,5973
3423,M50,1:39:37,5977
3131,M20,1:39:38,5978
1081,M50,1:39:38,5978
1180,M45,1:39:39,5979
1083,M55,1:39:40,5980
1711,M60,1:39:42,5982
4411,M35,1:39:43,5983
4264,M50,1:39:43,5983
6063,M65,1:39:43,5983
1403,M20,1:39:46,5986
1183,M50,1:39:47,5987
902,M45,1:39:48,5988
4197,M30,1:39:49,5989
1265,M35,1:39:49,5989
2604,M55,1:39:50,5990
2602,M60,1:39:51,5991
1850,M30,1:39:52,5992
1626,MU23,1:39:53,5993
2585,M30,1:39:59,5999
1814,M40,1:39:59,5999
2595,M30,1:39:59,5999
7127,M30,1:39:59,5999
1396,M60,1:40:00,6000
1395,M55,1:40:01,6001
3106,M40,1:40:06,6006
3107,M30,1:40:07,6007
6435,M35,1:40:07,6007
3563,M55,1:40:11,6011
1623,MU23,1:40:14,6014
1633,M55,1:40:15,6015
3394,M50,1:40:17,6017
5434,MU20,1:40:19,6019
2382,M50,1:40:19,6019
827,M35,1:40:20,6020
1460,M50,1:40:21,6021
5135,M35,1:40:22,6022
878,M20,1:40:22,6022
1428,M60,1:40:25,6025
5526,M40,1:40:26,6026
1940,MU23,1:40:27,6027
2610,M65,1:40:28,6028
511,M50,1:40:29,6029
2490,MU20,1:40:30,6030
5001,M60,1:40:32,6032
1720,M40,1:40:33,6033
1023,M60,1:40:34,6034
1388,M35,1:40:37,6037
3326,M60,1:40:38,6038
5525,M65,1:40:39,6039
4208,M60,1:40:40,6040
3022,M50,1:40:40,6040
124,M30,1:40:44,6044
3402,M60,1:40:44,6044
6118,M50,1:40:44,6044
3101,M55,1:40:45,6045
3249,M45,1:40:46,6046
5533,M30,1:40:47,6047
1080,M50,1:40:48,6048
3017,M35,1:40:51,6051
2634,M35,1:40:51,6051
6014,M40,1:40:52,6052
149,M45,1:40:55,6055
145,M30,1:40:55,6055
4089,M35,1:40:55,6055
3401,M35,1:40:56,6056
2608,M50,1:40:58,6058
6328,M20,1:40:59,6059
811,M30,1:40:59,6059
5090,M65,1:41:00,6060
549,M30,1:41:00,6060
2428,M40,1:41:05,6065
2532,M65,1:41:06,6066
806,M65,1:41:07,6067
1760,M50,1:41:08,6068
1219,M55,1:41:09,6069
2583,M50,1:41:12,6072
627,M40,1:41:12,6072
5028,M50,1:41:12,6072
5360,M40,1:41:13,6073
880,M50,1:41:14,6074
2089,M35,1:41:16,6076
618,M35,1:41:16,6076
1715,M55,1:41:18,6078
6060,MU20,1:41:22,6082
4257,M45,1:41:23,6083
399,M40,1:41:24,6084
908,M45,1:41:25,6085
846,M45,1:41:25,6085
4325,M45,1:41:29,6089
5237,M60,1:41:31,6091
6409,M40,1:41:31,6091
906,M45,1:41:32,6092
2580,M35,1:41:32,6092
3565,M35,1:41:32,6092
7058,M20,1:41:33,6093
3544,M40,1:41:33,6093
796,M65,1:41:34,6094
4038,M30,1:41:34,6094
1378,M45,1:41:35,6095
1368,M35,1:41:36,6096
2356,M60,1:41:36,6096
7037,M50,1:41:38,6098
1747,M20,1:41:38,6098
2642,M45,1:41:38,6098
1448,M55,1:41:41,6101
5153,M40,1:41:43,6103
3352,M30,1:41:45,6105
1692,M35,1:41:47,6107
1544,M55,1:41:49,6109
343,M40,1:41:51,6111
1037,M40,1:41:51,6111
1226,M40,1:41:51,6111
321,M45,1:41:54,6114
3500,M55,1:41:55,6115
7011,M40,1:41:56,6116
561,M40,1:41:56,6116
4258,M40,1:42:04,6124
513,M40,1:42:05,6125
367,M35,1:42:06,6126
1759,M45,1:42:08,6128
3469,M35,1:42:09,6129
1717,M30,1:42:12,6132
1707,M40,1:42:12,6132
7224,M45,1:42:15,6135
3488,M55,1:42:15,6135
1992,M40,1:42:17,6137
1019,M45,1:42:18,6138
2059,M40,1:42:18,6138
4137,M30,1:42:19,6139
852,M45,1:42:22,6142
1204,M55,1:42:25,6145
5497,M45,1:42:26,6146
1614,M50,1:42:29,6149
3542,M50,1:42:32,6152
6452,M45,1:42:34,6154
473,M40,1:42:35,6155
3187,M45,1:42:36,6156
7085,M35,1:42:44,6164
2531,M55,1:42:45,6165
486,M40,1:42:45,6165
3501,M65,1:42:46,6166
3585,M55,1:42:46,6166
1510,M60,1:42:49,6169
4041,M55,1:42:49,6169
648,M50,1:42:49,6169
1672,M50,1:42:51,6171
2142,M60,1:42:52,6172
1719,M65,1:42:52,6172
3098,M60,1:42:55,6175
2633,MU20,1:42:55,6175
3467,M30,1:42:56,6176
4319,M35,1:42:56,6176
466,MU23,1:42:57,6177
1099,M30,1:42:58,6178
2525,M40,1:42:59,6179
631,MU23,1:43:00,6180
5523,M30,1:43:01,6181
5511,M30,1:43:01,6181
2623,M50,1:43:01,6181
3590,M45,1:43:02,6182
1078,M55,1:43:02,6182
4316,M30,1:43:04,6184
928,M45,1:43:04,6184
745,M50,1:43:07,6187
736,M35,1:43:08,6188
5284,M50,1:43:13,6193
2456,MU23,1:43:14,6194
735,M40,1:43:14,6194
7002,M40,1:43:14,6194
6217,M45,1:43:17,6197
525,M55,1:43:22,6202
325,M30,1:43:23,6203
6437,M50,1:43:24,6204
1258,M45,1:43:26,6206
3618,M40,1:43:26,6206
1297,M40,1:43:26,6206
885,M50,1:43:32,6212
395,MU23,1:43:33,6213
3050,M40,1:43:33,6213
1916,M30,1:43:34,6214
1746,M30,1:43:35,6215
1748,M20,1:43:35,6215
1727,M35,1:43:36,6216
5498,M30,1:43:38,6218
5473,M20,1:43:38,6218
5491,M20,1:43:38,6218
1733,M50,1:43:39,6219
1721,M45,1:43:40,6220
5006,M45,1:43:41,6221
1161,M50,1:43:42,6222
5426,M50,1:43:43,6223
1274,M20,1:43:45,6225
5490,M35,1:43:45,6225
2157,M55,1:43:45,6225
3091,M40,1:43:46,6226
993,M55,1:43:48,6228
2056,M55,1:43:49,6229
1157,M45,1:43:51,6231
2461,M30,1:43:54,6234
1175,M50,1:43:54,6234
2589,M60,1:43:55,6235
2362,M45,1:43:56,6236
3600,M45,1:43:56,6236
2458,M50,1:43:56,6236
1091,M45,1:43:57,6237
5080,M35,1:43:57,6237
4412,M20,1:43:57,6237
4458,M45,1:43:57,6237
4334,M35,1:43:58,6238
2076,M50,1:43:58,6238
3628,M45,1:43:58,6238
5529,M35,1:43:59,6239
5534,M35,1:43:59,6239
1287,M35,1:44:01,6241
1930,M30,1:44:01,6241
1290,M40,1:44:01,6241
3052,M55,1:44:02,6242
4459,M45,1:44:03,6243
548,M50,1:44:03,6243
5144,M45,1:44:04,6244
4142,M65,1:44:06,6246
1832,M40,1:44:06,6246
5093,M30,1:44:08,6248
1734,M50,1:44:10,6250
1092,M40,1:44:10,6250
1700,M65,1:44:11,6251
1936,M55,1:44:15,6255
642,M50,1:44:17,6257
1020,M60,1:44:19,6259
702,M55,1:44:20,6260
2573,M55,1:44:20,6260
3021,M45,1:44:22,6262
1863,M40,1:44:26,6266
3092,M45,1:44:28,6268
741,M50,1:44:29,6269
2090,M55,1:44:30,6270
4185,M40,1:44:32,6272
458,M45,1:44:34,6274
1059,M60,1:44:38,6278
1177,M55,1:44:38,6278
2541,M30,1:44:39,6279
1754,MU20,1:44:39,6279
7001,M45,1:44:41,6281
2242,M60,1:44:41,6281
7087,M55,1:44:42,6282
3555,M50,1:44:42,6282
341,M50,1:44:47,6287
4036,M70,1:44:48,6288
1824,M30,1:44:51,6291
398,M35,1:44:51,6291
533,M50,1:44:51,6291
4340,M35,1:44:54,6294
6127,M70,1:44:55,6295
3564,M50,1:44:56,6296
1997,M45,1:44:58,6298
1551,M45,1:44:59,6299
2315,M40,1:45:00,6300
1206,M35,1:45:01,6301
4313,M40,1:45:01,6301
6325,M35,1:45:01,6301
6388,M20,1:45:02,6302
1372,M50,1:45:03,6303
4409,M40,1:45:04,6304
4255,M55,1:45:04,6304
6266,M55,1:45:05,6305
5470,M50,1:45:06,6306
2388,M45,1:45:09,6309
2466,M40,1:45:13,6313
5509,M55,1:45:13,6313
1979,MU23,1:45:17,6317
3036,M45,1:45:20,6320
825,M60,1:45:22,6322
3504,M50,1:45:23,6323
7156,M40,1:45:23,6323
6263,M35,1:45:25,6325
751,M50,1:45:29,6329
3264,M70,1:45:31,6331
2462,M60,1:45:31,6331
507,M50,1:45:32,6332
6403,M45,1:45:34,6334
709,M50,1:45:35,6335
314,M50,1:45:38,6338
529,M55,1:45:38,6338
7169,M20,1:45:39,6339
520,M45,1:45:42,6342
1358,M55,1:45:43,6343
7125,M40,1:45:44,6344
688,M70,1:45:45,6345
401,M20,1:45:48,6348
1639,M30,1:45:50,6350
2471,M45,1:45:50,6350
1465,M55,1:45:51,6351
2484,M40,1:45:51,6351
3183,M20,1:45:52,6352
1869,M45,1:45:54,6354
6012,M35,1:45:54,6354
2359,M30,1:45:55,6355
1740,M45,1:45:57,6357
4337,M20,1:46:01,6361
1813,M55,1:46:01,6361
1333,M45,1:46:02,6362
1359,M45,1:46:03,6363
1348,M45,1:46:03,6363
5295,M55,1:46:03,6363
654,M40,1:46:05,6365
4308,M20,1:46:05,6365
2550,M30,1:46:06,6366
6455,M50,1:46:09,6369
3620,M35,1:46:09,6369
4191,MU23,1:46:09,6369
4436,M35,1:46:12,6372
5161,M35,1:46:13,6373
5160,M35,1:46:14,6374
2195,M40,1:46:18,6378
6313,M45,1:46:18,6378
6002,M70,1:46:20,6380
1938,MU20,1:46:25,6385
1827,M50,1:46:28,6388
2450,M50,1:46:31,6391
2360,M30,1:46:32,6392
3611,M40,1:46:34,6394
3468,M50,1:46:35,6395
2523,M35,1:46:37,6397
4379,M55,1:46:37,6397
1524,M20,1:46:38,6398
6220,M30,1:46:39,6399
6392,M60,1:46:41,6401
2441,M40,1:46:42,6402
3094,M65,1:46:44,6404
3690,M55,1:46:44,6404
2000,M45,1:46:45,6405
4305,M40,1:46:45,6405
987,M45,1:46:45,6405
1753,M50,1:46:49,6409
1831,M45,1:46:50,6410
5467,M50,1:46:54,6414
3408,M45,1:46:55,6415
2379,M60,1:46:58,6418
2632,M45,1:46:59,6419
6212,M40,1:46:59,6419
898,M45,1:47:01,6421
897,M45,1:47:01,6421
828,M40,1:47:02,6422
3255,M65,1:47:07,6427
1724,M50,1:47:09,6429
1296,M65,1:47:09,6429
1701,M30,1:47:09,6429
5150,M65,1:47:10,6430
518,M30,1:47:11,6431
2615,M45,1:47:13,6433
1352,M30,1:47:13,6433
1228,M40,1:47:18,6438
469,M45,1:47:21,6441
1283,M55,1:47:22,6442
3351,M35,1:47:23,6443
1594,M35,1:47:24,6444
3119,M35,1:47:28,6448
1289,M50,1:47:28,6448
1266,M50,1:47:29,6449
6425,M40,1:47:32,6452
1640,M30,1:47:38,6458
2299,M35,1:47:38,6458
558,M45,1:47:39,6459
4143,M20,1:47:39,6459
6321,M55,1:47:40,6460
1088,M30,1:47:41,6461
1735,M35,1:47:47,6467
328,M30,1:47:48,6468
3547,M45,1:47:50,6470
1463,M50,1:47:50,6470
3541,M40,1:47:50,6470
1474,M45,1:47:52,6472
6011,M45,1:47:55,6475
1415,M55,1:47:55,6475
2308,M45,1:47:56,6476
3413,M35,1:47:57,6477
2323,M35,1:47:58,6478
1109,M70,1:47:58,6478
5140,M20,1:47:59,6479
7133,M20,1:47:59,6479
6122,M50,1:48:06,6486
1299,M35,1:48:09,6489
2249,M60,1:48:10,6490
7166,MU23,1:48:13,6493
1834,M60,1:48:14,6494
6262,M60,1:48:14,6494
1597,M45,1:48:16,6496
6312,M30,1:48:17,6497
6030,M45,1:48:19,6499
4037,M60,1:48:20,6500
1522,M30,1:48:20,6500
4431,M55,1:48:22,6502
1840,M60,1:48:23,6503
616,M55,1:48:24,6504
5433,M45,1:48:24,6504
707,M40,1:48:27,6507
2199,M50,1:48:29,6509
2052,M45,1:48:29,6509
2015,M45,1:48:39,6519
7124,M65,1:48:42,6522
7056,M55,1:48:45,6525
6319,M30,1:48:45,6525
3418,M55,1:48:46,6526
1591,M45,1:48:46,6526
3485,M40,1:48:48,6528
6449,M55,1:48:53,6533
3462,M50,1:48:54,6534
1224,M30,1:48:54,6534
6216,M50,1:48:55,6535
4395,M35,1:48:58,6538
2029,M35,1:49:07,6547
1596,M65,1:49:09,6549
3173,M30,1:49:11,6551
7052,M35,1:49:14,6554
7027,M45,1:49:14,6554
7061,M30,1:49:14,6554
6055,M45,1:49:16,6556
873,M45,1:49:17,6557
4416,M45,1:49:20,6560
2304,M55,1:49:21,6561
5326,M50,1:49:22,6562
4200,M40,1:49:28,6568
1826,M35,1:49:28,6568
2309,M55,1:49:28,6568
692,M35,1:49:29,6569
4390,M45,1:49:33,6573
2200,M55,1:49:34,6574
5092,M45,1:49:46,6586
2024,M60,1:49:46,6586
2368,M45,1:49:47,6587
1842,M55,1:49:49,6589
1447,M20,1:49:51,6591
1165,M20,1:49:52,6592
485,M35,1:49:52,6592
2250,M55,1:49:54,6594
4322,M40,1:49:57,6597
7202,M35,1:50:00,6600
7203,M35,1:50:00,6600
7201,M35,1:50:00,6600
4268,M55,1:50:03,6603
3627,M50,1:50:05,6605
848,M50,1:50:11,6611
7143,M50,1:50:19,6619
1432,M60,1:50:19,6619
2077,M50,1:50:19,6619
3102,M50,1:50:20,6620
1514,M50,1:50:21,6621
4014,M35,1:50:24,6624
3208,M40,1:50:26,6626
7067,M50,1:50:30,6630
989,M45,1:50:31,6631
7136,M50,1:50:34,6634
2528,M50,1:50:35,6635
1871,M60,1:50:38,6638
7148,M65,1:50:41,6641
2551,M45,1:50:44,6644
2538,M30,1:50:46,6646
3365,M60,1:50:54,6654
2084,M40,1:50:54,6654
6076,M20,1:50:56,6656
7132,M55,1:50:59,6659
571,MU20,1:51:03,6663
1061,M50,1:51:03,6663
4262,M50,1:51:04,6664
1860,M35,1:51:05,6665
5244,M65,1:51:06,6666
5175,M65,1:51:07,6667
5165,M30,1:51:08,6668
6441,M45,1:51:16,6676
366,M30,1:51:17,6677
557,M45,1:51:20,6680
570,M45,1:51:21,6681
6279,M60,1:51:21,6681
3667,M55,1:51:26,6686
384,M20,1:51:29,6689
7128,M55,1:51:33,6693
3502,M55,1:51:43,6703
4184,M20,1:51:45,6705
4145,M65,1:51:45,6705
7117,M50,1:51:45,6705
5064,M60,1:51:51,6711
6131,M50,1:51:53,6713
439,M45,1:51:55,6715
5188,M35,1:52:02,6722
1338,M55,1:52:10,6730
1291,M20,1:52:10,6730
3551,M55,1:52:16,6736
1816,M50,1:52:17,6737
1045,M30,1:52:19,6739
3404,M35,1:52:19,6739
5169,M75,1:52:23,6743
3254,M65,1:52:27,6747
2298,M55,1:52:38,6758
6065,M50,1:52:39,6759
836,M60,1:52:41,6761
1168,M50,1:52:43,6763
725,M55,1:52:44,6764
6398,M55,1:52:45,6765
3392,M45,1:52:47,6767
3613,M50,1:52:51,6771
5242,M40,1:52:52,6772
4182,M50,1:52:54,6774
4339,M35,1:52:55,6775
6383,M45,1:52:57,6777
1075,M60,1:52:58,6778
2292,M30,1:52:59,6779
1744,M50,1:53:00,6780
1738,M55,1:53:01,6781
7216,M65,1:53:01,6781
3550,M20,1:53:05,6785
130,M35,1:53:12,6792
6221,M35,1:53:15,6795
2248,M20,1:53:15,6795
6225,M35,1:53:17,6797
1070,M75,1:53:19,6799
2030,M55,1:53:20,6800
5236,M65,1:53:20,6800
640,M40,1:53:24,6804
1615,M50,1:53:25,6805
6082,M50,1:53:28,6808
2435,M45,1:53:29,6809
3482,M50,1:53:29,6809
3483,M45,1:53:29,6809
5427,M45,1:53:29,6809
1419,M70,1:53:31,6811
6081,M45,1:53:34,6814
712,M60,1:53:37,6817
5239,M60,1:53:38,6818
823,M60,1:53:42,6822
694,M50,1:53:45,6825
1764,M45,1:53:46,6826
3560,M50,1:53:47,6827
1752,M45,1:53:47,6827
1072,M50,1:53:50,6830
1062,M55,1:53:52,6832
2598,M20,1:53:54,6834
1187,MU20,1:53:54,6834
7110,M30,1:53:55,6835
6068,M30,1:53:56,6836
6336,M65,1:53:56,6836
2151,M55,1:53:59,6839
7088,M55,1:54:03,6843
671,M50,1:54:03,6843
3362,M55,1:54:03,6843
2431,M55,1:54:05,6845
1194,M65,1:54:12,6852
3361,M65,1:54:12,6852
7129,M35,1:54:12,6852
6327,M40,1:54:12,6852
679,M50,1:54:12,6852
2238,M30,1:54:14,6854
5345,M35,1:54:15,6855
3346,M35,1:54:18,6858
565,M30,1:54:20,6860
3461,MU23,1:54:22,6862
5364,M40,1:54:25,6865
2630,M35,1:54:25,6865
4183,M70,1:54:26,6866
1438,M45,1:54:26,6866
2641,M60,1:54:28,6868
2363,M70,1:54:28,6868
2194,M50,1:54:29,6869
733,M55,1:54:29,6869
270,M45,1:54:30,6870
818,M55,1:54:31,6871
1413,M60,1:54:45,6885
693,M50,1:54:46,6886
3166,M60,1:54:47,6887
2569,M45,1:54:47,6887
668,M55,1:54:48,6888
6378,M55,1:54:56,6896
5226,M65,1:55:00,6900
2455,M45,1:55:02,6902
5351,M55,1:55:08,6908
1769,M55,1:55:10,6910
5583,M35,1:55:11,6911
1202,M30,1:55:14,6914
918,M45,1:55:15,6915
2239,M65,1:55:16,6916
3038,M50,1:55:24,6924
6377,M35,1:55:26,6926
6444,M45,1:55:27,6927
2235,M60,1:55:32,6932
2150,M55,1:55:36,6936
2616,M50,1:55:39,6939
4441,M65,1:55:39,6939
4135,M55,1:55:41,6941
1475,M45,1:55:42,6942
5385,MU20,1:55:42,6942
1464,M45,1:55:43,6943
1414,M45,1:55:45,6945
3636,M50,1:55:47,6947
6453,M40,1:55:50,6950
516,M65,1:55:50,6950
2374,M55,1:55:54,6954
7008,M40,1:55:54,6954
581,MU20,1:55:59,6959
2620,M35,1:55:59,6959
5097,M35,1:56:00,6960
3399,M45,1:56:04,6964
515,M45,1:56:05,6965
139,M20,1:56:07,6967
1928,M20,1:56:11,6971
1994,MU20,1:56:15,6975
7065,M30,1:56:16,6976
5430,M45,1:56:19,6979
4187,M55,1:56:22,6982
2436,M55,1:56:26,6986
3566,M50,1:56:33,6993
3258,M45,1:56:34,6994
3259,M40,1:56:34,6994
2297,M70,1:56:37,6997
1451,M30,1:56:42,7002
1731,M35,1:56:42,7002
6061,M30,1:56:54,7014
1708,M55,1:56:54,7014
7142,M20,1:56:58,7018
7006,M35,1:57:06,7026
4002,M20,1:57:07,7027
6009,M45,1:57:08,7028
3395,M60,1:57:10,7030
2390,M45,1:57:10,7030
943,M45,1:57:13,7033
3198,M40,1:57:14,7034
5557,M45,1:57:15,7035
2101,M65,1:57:20,7040
1627,M30,1:57:23,7043
1398,M50,1:57:36,7056
2439,M35,1:57:38,7058
4306,M35,1:57:42,7062
4307,M45,1:57:42,7062
2318,M65,1:57:52,7072
3366,M50,1:57:56,7076
4442,M55,1:58:03,7083
2293,M35,1:58:04,7084
2295,M35,1:58:05,7085
1357,M35,1:58:10,7090
2022,M75,1:58:14,7094
5343,M40,1:58:16,7096
7084,M60,1:58:16,7096
6270,M50,1:58:18,7098
5310,M50,1:58:23,7103
7219,M40,1:58:25,7105
7220,M35,1:58:26,7106
4329,M55,1:58:41,7121
4453,M65,1:58:44,7124
1369,M35,1:58:51,7131
475,M40,1:58:51,7131
5552,M50,1:59:13,7153
2312,M35,1:59:17,7157
6269,M20,1:59:21,7161
2447,M40,1:59:24,7164
1825,M45,1:59:26,7166
3311,M60,1:59:28,7168
5484,M35,1:59:29,7169
4403,M20,1:59:37,7177
3640,M20,1:59:44,7184
1706,MU23,1:59:44,7184
1710,MU20,1:59:45,7185
6059,M60,1:59:48,7188
1300,M50,1:59:56,7196
3664,M65,1:59:56,7196
4039,M60,2:00:08,7208
4044,M45,2:00:08,7208
6335,M35,2:00:11,7211
1742,M50,2:00:18,7218
453,M35,2:00:21,7221
4028,M70,2:00:21,7221
847,M20,2:00:24,7224
6075,M55,2:00:27,7227
7099,M40,2:00:28,7228
5361,M45,2:00:29,7229
7168,M45,2:00:34,7234
3364,M50,2:00:34,7234
659,M35,2:00:37,7237
2560,M45,2:00:37,7237
2438,M30,2:00:42,7242
6318,M50,2:00:45,7245
155,M45,2:00:56,7256
2454,M35,2:00:56,7256
3421,M55,2:00:58,7258
2202,M45,2:00:58,7258
3003,M60,2:01:02,7262
3391,M55,2:01:12,7272
1780,M65,2:01:16,7276
3225,M55,2:01:19,7279
7098,M30,2:01:21,7281
2240,M55,2:01:26,7286
2245,M35,2:01:27,7287
661,M30,2:01:29,7289
5137,M65,2:01:34,7294
883,M40,2:01:45,7305
2375,M55,2:01:57,7317
6035,M60,2:02:02,7322
1725,M50,2:02:05,7325
4088,M40,2:02:05,7325
833,M45,2:02:10,7330
6067,M65,2:02:15,7335
1778,M75,2:02:17,7337
7158,M35,2:02:21,7341
2386,M60,2:02:22,7342
1057,M45,2:02:28,7348
1084,M45,2:02:28,7348
1056,M50,2:02:29,7349
3416,M65,2:02:34,7354
669,M45,2:02:35,7355
665,M40,2:02:36,7356
359,M55,2:02:36,7356
1111,M40,2:03:06,7386
4046,M75,2:03:09,7389
4343,M35,2:03:10,7390
982,M35,2:03:13,7393
3312,M70,2:03:24,7404
3406,M65,2:03:32,7412
1089,M50,2:03:34,7414
6223,M30,2:03:39,7419
1203,M45,2:03:44,7424
2549,M50,2:03:46,7426
5325,M40,2:04:00,7440
4256,M60,2:04:09,7449
2307,M40,2:04:15,7455
3411,M30,2:04:17,7457
7046,M35,2:04:24,7464
2153,M50,2:04:30,7470
526,M55,2:04:37,7477
6168,M55,2:04:41,7481
5532,M40,2:04:48,7488
4130,M60,2:04:53,7493
5173,M65,2:04:57,7497
5344,M60,2:05:15,7515
3635,M40,2:05:20,7520
5176,M65,2:05:24,7524
4455,M35,2:05:38,7538
5029,M40,2:05:51,7551
2236,M55,2:06:07,7567
6167,M40,2:06:07,7567
5350,M70,2:06:12,7572
6013,M70,2:06:49,7609
2026,M50,2:07:00,7620
3422,M45,2:07:03,7623
6077,M55,2:07:04,7624
1232,M70,2:07:11,7631
3125,M75,2:07:17,7637
5514,M30,2:07:21,7641
5537,M65,2:07:21,7641
814,M65,2:07:24,7644
807,M60,2:07:24,7644
2592,M20,2:07:27,7647
7013,M45,2:07:29,7649
2065,M40,2:07:42,7662
1819,M40,2:07:43,7663
7293,M20,2:08:02,7682
4050,M55,2:08:10,7690
4021,M65,2:08:12,7692
2237,M70,2:08:13,7693
1041,M50,2:08:18,7698
2572,M35,2:08:34,7714
1836,M20,2:08:39,7719
1835,M20,2:08:39,7719
4047,M30,2:08:39,7719
3304,M70,2:08:57,7737
2148,M70,2:08:59,7739
1442,MU20,2:09:10,7750
6331,M45,2:09:14,7754
875,M50,2:09:25,7765
5553,M35,2:09:30,7770
6442,M65,2:09:30,7770
4438,M50,2:10:10,7810
1686,M40,2:10:15,7815
5243,M55,2:10:20,7820
1198,M60,2:10:20,7820
6121,M35,2:10:43,7843
1511,M55,2:10:48,7848
3348,M35,2:11:07,7867
1749,M35,2:11:12,7872
7164,M55,2:11:14,7874
1621,M30,2:11:15,7875
5174,M70,2:11:17,7877
1608,M35,2:11:30,7890
1176,M50,2:11:43,7903
1925,M40,2:11:50,7910
2001,M50,2:11:52,7912
308,M60,2:12:07,7927
1865,M60,2:12:28,7948
1782,M40,2:12:31,7951
1851,MU23,2:12:36,7956
5282,M65,2:12:40,7960
6214,M35,2:12:50,7970
6215,M35,2:12:51,7971
1874,M45,2:12:51,7971
7031,M55,2:12:54,7974
2296,M50,2:12:59,7979
2018,M35,2:13:04,7984
5074,MU20,2:13:08,7988
996,M20,2:13:11,7991
442,M40,2:13:21,8001
7107,M35,2:13:35,8015
1406,M35,2:13:40,8020
5362,M45,2:13:47,8027
2140,M75,2:13:47,8027
7139,M40,2:14:01,8041
2482,M45,2:14:03,8043
5087,M30,2:14:32,8072
1394,M50,2:14:41,8081
3367,M70,2:15:48,8148
5098,M65,2:15:56,8156
3615,M55,2:16:02,8162
1521,M35,2:16:19,8179
6422,M50,2:16:19,8179
5232,M60,2:17:06,8226
6443,M50,2:17:23,8243
6169,M40,2:17:38,8258
1186,M55,2:17:39,8259
1542,M55,2:18:23,8303
2048,M75,2:18:40,8320
4420,M55,2:19:17,8357
3109,M50,2:19:20,8360
1002,M40,2:19:35,8375
6316,M50,2:19:48,8388
1456,M20,2:19:54,8394
504,MU20,2:20:19,8419
353,MU20,2:20:19,8419
1071,M55,2:20:30,8430
7200,M55,2:20:41,8441
7295,W35,1:10:51,4251
553,W40,1:15:39,4539
3572,W30,1:16:32,4592
1000,W20,1:17:16,4636
503,W45,1:19:31,4771
6053,W20,1:19:43,4783
6411,W30,1:19:57,4797
2325,W40,1:20:22,4822
5516,W20,1:20:23,4823
1676,W20,1:21:08,4868
5586,W20,1:21:08,4868
1618,W50,1:21:17,4877
1470,W40,1:21:36,4896
5220,W35,1:21:42,4902
1009,W50,1:22:00,4920
502,W20,1:22:06,4926
7205,W20,1:22:16,4936
1407,W45,1:22:44,4964
6079,W30,1:23:44,5024
1694,W35,1:23:48,5028
6330,W30,1:23:51,5031
1163,W40,1:23:58,5038
389,W35,1:24:26,5066
5032,W45,1:24:30,5070
2638,W20,1:24:51,5091
1697,W20,1:24:53,5093
2357,W20,1:25:16,5116
1237,WU20,1:25:16,5116
320,W35,1:25:18,5118
1380,W45,1:26:02,5162
1060,W30,1:26:02,5162
4140,W45,1:26:12,5172
3420,W30,1:26:44,5204
837,W40,1:26:48,5208
7146,W35,1:26:58,5218
1739,W45,1:26:58,5218
728,W50,1:27:09,5229
991,WU23,1:27:24,5244
869,W30,1:27:29,5249
7066,W45,1:27:34,5254
1116,W30,1:27:54,5274
3086,W35,1:27:59,5279
5076,W40,1:28:24,5304
1595,W20,1:28:25,5305
351,W40,1:28:39,5319
336,W45,1:28:39,5319
5072,W40,1:28:41,5321
803,WU23,1:28:43,5323
1268,W30,1:28:49,5329
2079,W20,1:28:51,5331
2587,W30,1:28:56,5336
1937,W20,1:28:59,5339
1221,W60,1:29:04,5344
457,W20,1:29:08,5348
1696,W20,1:29:11,5351
6323,W35,1:29:24,5364
1400,WU23,1:29:25,5365
1975,W45,1:29:26,5366
801,W30,1:30:01,5401
4414,W35,1:30:01,5401
3619,W45,1:30:16,5416
481,W50,1:30:18,5418
4450,W45,1:30:18,5418
1292,W35,1:30:23,5423
646,W20,1:30:26,5426
5141,W35,1:30:27,5427
3686,W45,1:30:29,5429
339,W35,1:30:34,5434
3612,W45,1:30:35,5435
2575,W50,1:30:39,5439
1298,W30,1:30:39,5439
932,W35,1:30:39,5439
934,W40,1:30:39,5439
834,W45,1:30:50,5450
495,W35,1:30:51,5451
7102,W20,1:31:05,5465
3248,W45,1:31:08,5468
2605,W55,1:31:09,5469
1833,W45,1:31:14,5474
143,W30,1:31:22,5482
6071,W20,1:31:35,5495
2433,W45,1:31:35,5495
404,W20,1:31:39,5499
3035,W40,1:31:39,5499
1293,W30,1:31:39,5499
3016,W20,1:31:46,5506
454,W40,1:31:50,5510
1561,W30,1:31:59,5519
888,W55,1:31:59,5519
2594,W45,1:32:05,5525
3687,W45,1:32:06,5526
3631,W30,1:32:12,5532
3240,W50,1:32:13,5533
5502,W35,1:32:20,5540
349,W20,1:32:22,5542
356,W35,1:32:26,5546
5496,WU23,1:32:30,5550
924,W30,1:32:36,5556
7113,W20,1:32:40,5560
1123,W20,1:32:41,5561
7295,W35,1:10:51,4251
553,W40,1:15:39,4539
3572,W30,1:16:32,4592
1000,W20,1:17:16,4636
503,W45,1:19:31,4771
6053,W20,1:19:43,4783
6411,W30,1:19:57,4797
2325,W40,1:20:22,4822
5516,W20,1:20:23,4823
1676,W20,1:21:08,4868
5586,W20,1:21:08,4868
1618,W50,1:21:17,4877
1470,W40,1:21:36,4896
5220,W35,1:21:42,4902
1009,W50,1:22:00,4920
502,W20,1:22:06,4926
7205,W20,1:22:16,4936
1407,W45,1:22:44,4964
6079,W30,1:23:44,5024
1694,W35,1:23:48,5028
6330,W30,1:23:51,5031
1163,W40,1:23:58,5038
389,W35,1:24:26,5066
5032,W45,1:24:30,5070
2638,W20,1:24:51,5091
1697,W20,1:24:53,5093
2357,W20,1:25:16,5116
1237,WU20,1:25:16,5116
320,W35,1:25:18,5118
1380,W45,1:26:02,5162
1060,W30,1:26:02,5162
4140,W45,1:26:12,5172
3420,W30,1:26:44,5204
837,W40,1:26:48,5208
7146,W35,1:26:58,5218
1739,W45,1:26:58,5218
728,W50,1:27:09,5229
991,WU23,1:27:24,5244
869,W30,1:27:29,5249
7066,W45,1:27:34,5254
1116,W30,1:27:54,5274
3086,W35,1:27:59,5279
5076,W40,1:28:24,5304
1595,W20,1:28:25,5305
351,W40,1:28:39,5319
336,W45,1:28:39,5319
5072,W40,1:28:41,5321
803,WU23,1:28:43,5323
1268,W30,1:28:49,5329
2079,W20,1:28:51,5331
2587,W30,1:28:56,5336
1937,W20,1:28:59,5339
1221,W60,1:29:04,5344
457,W20,1:29:08,5348
1696,W20,1:29:11,5351
6323,W35,1:29:24,5364
1400,WU23,1:29:25,5365
1975,W45,1:29:26,5366
801,W30,1:30:01,5401
4414,W35,1:30:01,5401
3619,W45,1:30:16,5416
481,W50,1:30:18,5418
4450,W45,1:30:18,5418
1292,W35,1:30:23,5423
646,W20,1:30:26,5426
5141,W35,1:30:27,5427
3686,W45,1:30:29,5429
339,W35,1:30:34,5434
3612,W45,1:30:35,5435
2575,W50,1:30:39,5439
1298,W30,1:30:39,5439
932,W35,1:30:39,5439
934,W40,1:30:39,5439
834,W45,1:30:50,5450
495,W35,1:30:51,5451
7102,W20,1:31:05,5465
3248,W45,1:31:08,5468
2605,W55,1:31:09,5469
1833,W45,1:31:14,5474
143,W30,1:31:22,5482
6071,W20,1:31:35,5495
2433,W45,1:31:35,5495
404,W20,1:31:39,5499
3035,W40,1:31:39,5499
1293,W30,1:31:39,5499
3016,W20,1:31:46,5506
454,W40,1:31:50,5510
1561,W30,1:31:59,5519
888,W55,1:31:59,5519
2594,W45,1:32:05,5525
3687,W45,1:32:06,5526
3631,W30,1:32:12,5532
3240,W50,1:32:13,5533
5502,W35,1:32:20,5540
349,W20,1:32:22,5542
356,W35,1:32:26,5546
5496,WU23,1:32:30,5550
924,W30,1:32:36,5556
7113,W20,1:32:40,5560
1123,W20,1:32:41,5561
620,W40,1:32:56,5576
2377,W35,1:33:04,5584
7141,W20,1:33:05,5585
4428,WU23,1:33:05,5585
2563,W30,1:33:09,5589
6130,W45,1:33:10,5590
374,W30,1:33:19,5599
6417,W20,1:33:28,5608
890,W20,1:33:38,5618
3099,W45,1:33:39,5619
3586,W45,1:33:51,5631
5177,W35,1:33:52,5632
7214,W20,1:33:53,5633
2019,W20,1:33:58,5638
365,W40,1:34:00,5640
1035,WU23,1:34:07,5647
637,W45,1:34:11,5651
1437,W20,1:34:14,5654
1756,W40,1:34:17,5657
6427,W20,1:34:21,5661
1259,W50,1:34:43,5683
3639,W30,1:34:50,5690
465,W35,1:34:51,5691
1054,W35,1:34:55,5695
1622,W35,1:34:55,5695
949,W20,1:34:57,5697
3135,W30,1:35:01,5701
7064,W70,1:35:06,5706
1001,W50,1:35:11,5711
6439,W45,1:35:11,5711
323,W40,1:35:19,5719
5235,W20,1:35:28,5728
744,W55,1:35:33,5733
2027,W40,1:35:48,5748
7074,W50,1:35:52,5752
2198,W35,1:35:53,5753
705,WU20,1:35:53,5753
3638,W45,1:35:54,5754
6032,W30,1:35:55,5755
6420,W35,1:35:57,5757
3111,W40,1:35:59,5759
1252,W35,1:36:03,5763
1229,W50,1:36:04,5764
3116,W35,1:36:11,5771
832,W45,1:36:11,5771
6261,W35,1:36:14,5774
2091,W20,1:36:20,5780
5146,W40,1:36:24,5784
4392,W30,1:36:25,5785
946,W40,1:36:27,5787
3018,W35,1:36:30,5790
1553,W30,1:36:34,5794
1410,W30,1:36:36,5796
689,W35,1:36:38,5798
1032,W45,1:36:42,5802
1680,W60,1:36:51,5811
3130,W40,1:36:59,5819
4421,W55,1:37:04,5824
488,W20,1:37:05,5825
492,W40,1:37:13,5833
2423,W45,1:37:14,5834
372,W20,1:37:16,5836
3567,W45,1:37:27,5847
1528,W35,1:37:34,5854
1340,W30,1:37:34,5854
7294,W35,1:37:37,5857
1093,WU20,1:37:39,5859
3167,W45,1:37:50,5870
6042,W35,1:37:52,5872
3651,W30,1:37:55,5875
1238,W45,1:37:58,5878
4052,W35,1:38:01,5881
3322,W55,1:38:06,5886
1449,W30,1:38:08,5888
929,W35,1:38:11,5891
1515,W30,1:38:13,5893
4341,W20,1:38:14,5894
1200,W20,1:38:18,5898
1457,W55,1:38:21,5901
3424,W30,1:38:31,5911
3195,W40,1:38:42,5922
1751,W40,1:38:48,5928
7016,WU23,1:38:48,5928
2288,W40,1:38:49,5929
2627,W45,1:38:52,5932
6120,W20,1:38:56,5936
3663,W20,1:39:07,5947
6433,WU23,1:39:10,5950
1022,W50,1:39:13,5953
6054,W35,1:39:16,5956
6047,W35,1:39:16,5956
1401,WU23,1:39:18,5958
853,W50,1:39:20,5960
5329,W35,1:39:24,5964
387,W50,1:39:31,5971
129,W30,1:39:33,5973
5171,W50,1:39:41,5981
1166,W35,1:39:47,5987
1269,W35,1:39:48,5988
6039,W35,1:39:49,5989
500,W20,1:39:55,5995
3407,W40,1:40:03,6003
760,WU23,1:40:04,6004
3191,W55,1:40:07,6007
3108,W35,1:40:09,6009
5039,W20,1:40:11,6011
1830,W45,1:40:14,6014
634,W20,1:40:15,6015
4342,W30,1:40:16,6016
4444,W40,1:40:19,6019
4445,W45,1:40:20,6020
4435,W35,1:40:20,6020
463,W35,1:40:20,6020
5128,W40,1:40:23,6023
1354,W40,1:40:27,6027
6056,W35,1:40:32,6032
1046,W20,1:40:32,6032
1441,W30,1:40:39,6039
5543,W50,1:40:39,6039
2430,W20,1:40:45,6045
5307,W30,1:40:50,6050
148,W45,1:40:52,6052
122,W20,1:40:57,6057
5472,W55,1:40:59,6059
798,W20,1:40:59,6059
6320,W20,1:41:00,6060
4443,W45,1:41:02,6062
456,W20,1:41:08,6068
737,W20,1:41:12,6072
636,W45,1:41:13,6073
2095,W20,1:41:15,6075
5186,W30,1:41:18,6078
4332,W30,1:41:19,6079
2445,W35,1:41:20,6080
6050,W50,1:41:22,6082
3015,W30,1:41:27,6087
1563,W45,1:41:29,6089
2193,W50,1:41:29,6089
444,W35,1:41:29,6089
5247,W45,1:41:31,6091
7055,W20,1:41:32,6092
5549,WU23,1:41:34,6094
498,W40,1:41:34,6094
1932,WU23,1:41:38,6098
1828,W40,1:41:39,6099
1919,W20,1:41:39,6099
5182,W40,1:41:43,6103
3472,W20,1:41:45,6105
3546,W20,1:41:47,6107
542,W30,1:41:49,6109
1920,W30,1:41:50,6110
362,W40,1:41:50,6110
914,W20,1:41:54,6114
2149,W20,1:42:01,6121
576,W50,1:42:11,6131
5298,W55,1:42:15,6135
5167,WU23,1:42:19,6139
451,W30,1:42:19,6139
5061,W50,1:42:24,6144
3118,W40,1:42:27,6147
886,W35,1:42:29,6149
474,W35,1:42:34,6154
2060,W40,1:42:36,6156
5471,W45,1:42:37,6157
6454,W30,1:42:39,6159
2383,W20,1:42:42,6162
6213,W30,1:42:44,6164
493,W30,1:42:45,6165
1090,W50,1:42:50,6170
6210,W50,1:42:54,6174
4422,W20,1:42:57,6177
3345,W50,1:43:03,6183
4417,W20,1:43:03,6183
4136,W50,1:43:08,6188
4410,W20,1:43:14,6194
364,W45,1:43:16,6196
839,W35,1:43:16,6196
6386,W55,1:43:17,6197
128,W35,1:43:18,6198
5155,W30,1:43:19,6199
3577,W55,1:43:24,6204
4404,W50,1:43:24,6204
1008,W50,1:43:26,6206
309,W20,1:43:29,6209
868,W40,1:43:30,6210
2464,W55,1:43:32,6212
3048,W45,1:43:34,6214
936,W30,1:43:34,6214
315,WU20,1:43:36,6216
1913,W20,1:43:37,6217
1906,W20,1:43:38,6218
5492,W20,1:43:38,6218
5493,W30,1:43:39,6219
1247,W20,1:43:40,6220
512,W45,1:43:41,6221
1167,W30,1:43:42,6222
4144,W20,1:43:45,6225
2241,W35,1:43:46,6226
2358,W30,1:43:51,6231
1174,WU20,1:43:54,6234
1607,W40,1:43:56,6236
2096,W40,1:43:58,6238
1286,W55,1:43:59,6239
125,W30,1:44:00,6240
569,W40,1:44:02,6242
1929,W20,1:44:03,6243
1004,W30,1:44:05,6245
7223,W20,1:44:05,6245
3327,W40,1:44:07,6247
3126,W40,1:44:07,6247
5094,W30,1:44:08,6248
1264,W55,1:44:11,6251
624,W35,1:44:17,6257
5027,W35,1:44:23,6263
2474,W40,1:44:23,6263
749,W30,1:44:27,6267
753,W35,1:44:28,6268
5228,W45,1:44:31,6271
2287,W35,1:44:32,6272
2289,W40,1:44:32,6272
523,W35,1:44:34,6274
3633,W55,1:44:37,6277
7077,W50,1:44:38,6278
3548,W50,1:44:42,6282
1170,W55,1:44:44,6284
3262,W55,1:44:48,6288
4027,W45,1:44:49,6289
3653,W30,1:44:51,6291
6415,W50,1:44:52,6292
4025,W50,1:44:53,6293
1207,W20,1:44:56,6296
2629,W40,1:44:57,6297
2385,W40,1:44:58,6298
1087,W30,1:45:00,6300
1121,W20,1:45:00,6300
568,W35,1:45:01,6301
6324,W35,1:45:02,6302
3123,W35,1:45:06,6306
1978,WU23,1:45:09,6309
2487,W40,1:45:12,6312
2006,W40,1:45:14,6314
1217,W20,1:45:14,6314
1117,W20,1:45:20,6320
1107,W20,1:45:20,6320
808,W55,1:45:24,6324
1210,W35,1:45:25,6325
3181,W55,1:45:27,6327
1536,WU20,1:45:31,6331
509,W40,1:45:32,6332
3684,W30,1:45:33,6333
1875,W30,1:45:34,6334
710,W45,1:45:36,6336
2017,W35,1:45:37,6337
2135,W70,1:45:37,6337
519,W40,1:45:37,6337
1632,W20,1:45:38,6338
392,WU23,1:45:47,6347
1821,W55,1:45:51,6351
1815,W50,1:45:51,6351
573,W20,1:45:52,6352
574,W30,1:45:53,6353
477,W50,1:45:55,6355
397,W50,1:45:56,6356
4430,W20,1:45:57,6357
5554,W65,1:45:58,6358
5223,W20,1:46:00,6360
4134,W55,1:46:03,6363
2372,W35,1:46:04,6364
376,W55,1:46:05,6365
3607,W45,1:46:07,6367
5166,WU23,1:46:07,6367
4194,W55,1:46:09,6369
935,W45,1:46:10,6370
3396,W55,1:46:11,6371
6211,W30,1:46:11,6371
931,W45,1:46:13,6373
7082,W55,1:46:14,6374
1179,W20,1:46:16,6376
5561,W55,1:46:18,6378
156,W20,1:46:20,6380
538,W50,1:46:23,6383
536,W45,1:46:30,6390
3629,W50,1:46:33,6393
5133,W50,1:46:33,6393
3470,W45,1:46:35,6395
3598,W50,1:46:36,6396
5300,W45,1:46:45,6405
2285,W40,1:46:48,6408
3325,W40,1:46:49,6409
1718,WU20,1:46:50,6410
3243,W60,1:46:56,6416
1638,W30,1:47:01,6421
3105,W55,1:47:07,6427
5248,W60,1:47:08,6428
5151,W45,1:47:08,6428
334,W35,1:47:09,6429
5432,W30,1:47:09,6429
517,W30,1:47:10,6430
534,W20,1:47:10,6430
4327,W30,1:47:13,6433
3622,W30,1:47:15,6435
3591,W35,1:47:16,6436
508,W30,1:47:17,6437
5063,W40,1:47:18,6438
5062,W40,1:47:19,6439
2586,W30,1:47:19,6439
547,W30,1:47:21,6441
2588,WU23,1:47:22,6442
5422,W45,1:47:22,6442
1114,W30,1:47:26,6446
2191,W45,1:47:27,6447
894,W30,1:47:29,6449
6434,W40,1:47:33,6453
4139,W20,1:47:38,6458
3247,W40,1:47:43,6463
5517,W35,1:47:47,6467
311,W20,1:47:48,6468
1443,W35,1:47:51,6471
6028,W50,1:47:51,6471
904,W70,1:48:04,6484
1998,W40,1:48:10,6490
1113,W35,1:48:13,6493
1458,W20,1:48:13,6493
1048,W30,1:48:14,6494
1513,W20,1:48:19,6499
6019,W45,1:48:19,6499
1990,W30,1:48:19,6499
1995,W30,1:48:19,6499
4432,W20,1:48:23,6503
135,W20,1:48:23,6503
127,W30,1:48:24,6504
126,W30,1:48:24,6504
1342,W35,1:48:24,6504
1367,W40,1:48:25,6505
478,W40,1:48:29,6509
2053,W40,1:48:30,6510
6086,WU23,1:48:31,6511
6058,W40,1:48:34,6514
2539,W20,1:48:36,6516
860,W50,1:48:38,6518
3169,W20,1:48:41,6521
5187,W30,1:48:45,6525
6117,W45,1:48:46,6526
1034,W45,1:48:48,6528
446,WU23,1:48:54,6534
3491,W45,1:48:56,6536
1095,W50,1:48:59,6539
5304,W50,1:49:00,6540
1674,W20,1:49:01,6541
5296,W45,1:49:01,6541
1260,W20,1:49:03,6543
1589,WU20,1:49:03,6543
2442,W35,1:49:04,6544
2321,W45,1:49:07,6547
3176,W55,1:49:09,6549
3609,W35,1:49:09,6549
2491,W20,1:49:10,6550
2465,W20,1:49:10,6550
6431,W20,1:49:10,6550
6416,W30,1:49:11,6551
3677,W20,1:49:13,6553
1336,W20,1:49:20,6560
673,W40,1:49:27,6567
919,W40,1:49:27,6567
667,W45,1:49:27,6567
1829,W30,1:49:28,6568
691,W40,1:49:28,6568
3008,W20,1:49:31,6571
1534,W20,1:49:32,6572
1911,W20,1:49:32,6572
2092,W60,1:49:33,6573
4391,W45,1:49:34,6574
4394,W55,1:49:34,6574
2540,W30,1:49:40,6580
838,W40,1:49:43,6583
2066,W35,1:49:47,6587
2367,W50,1:49:54,6594
3417,W50,1:50:02,6602
3474,W50,1:50:05,6605
800,W50,1:50:06,6606
2085,W20,1:50:07,6607
2527,W20,1:50:08,6608
6273,W40,1:50:08,6608
743,W50,1:50:09,6609
5005,W30,1:50:10,6610
1629,WU20,1:50:11,6611
354,W40,1:50:12,6612
1275,W40,1:50:15,6615
2100,W45,1:50:15,6615
1587,W50,1:50:19,6619
2554,W35,1:50:19,6619
5479,W20,1:50:23,6623
5481,W20,1:50:23,6623
7060,W30,1:50:24,6624
2453,W30,1:50:26,6626
5227,W40,1:50:26,6626
346,W40,1:50:27,6627
2291,W35,1:50:29,6629
5238,W20,1:50:31,6631
5569,W50,1:50:31,6631
990,W40,1:50:32,6632
2552,W45,1:50:35,6635
1564,W50,1:50:41,6641
4146,W35,1:50:52,6652
1215,W35,1:50:53,6653
1714,W50,1:50:53,6653
489,W60,1:50:53,6653
501,W55,1:50:53,6653
4463,W40,1:50:53,6653
913,W45,1:50:58,6658
4267,W45,1:51:04,6664
7083,W50,1:51:13,6673
2427,W35,1:51:14,6674
6278,W30,1:51:21,6681
514,W40,1:51:21,6681
545,W40,1:51:22,6682
2143,W20,1:51:23,6683
2596,WU20,1:51:31,6691
870,W40,1:51:32,6692
2231,W50,1:51:35,6695
2530,W35,1:51:38,6698
7109,W20,1:51:40,6700
1529,W35,1:51:43,6703
6015,W60,1:51:44,6704
4186,W20,1:51:44,6704
1261,W20,1:51:44,6704
6227,W45,1:51:50,6710
2387,W40,1:51:50,6710
4022,W40,1:51:53,6713
4000,W50,1:51:54,6714
5587,W35,1:51:54,6714
1405,W20,1:51:56,6716
3178,W35,1:51:58,6718
5185,W20,1:52:04,6724
752,W45,1:52:06,6726
2622,W20,1:52:06,6726
350,W50,1:52:10,6730
1927,W55,1:52:11,6731
3554,W20,1:52:16,6736
2607,W45,1:52:17,6737
5172,W60,1:52:23,6743
7100,W40,1:52:27,6747
809,W60,1:52:29,6749
821,W40,1:52:29,6749
5246,W40,1:52:31,6751
1188,W45,1:52:37,6757
3085,W55,1:52:38,6758
3051,W55,1:52:38,6758
1417,W55,1:52:39,6759
6041,W20,1:52:40,6760
7225,W20,1:52:40,6760
1015,W50,1:52:42,6762
724,W50,1:52:44,6764
1337,WU23,1:52:45,6765
3193,W50,1:52:50,6770
6399,W50,1:52:51,6771
6387,W30,1:52:52,6772
6391,W30,1:52:58,6778
5501,W30,1:53:00,6780
5486,W20,1:53:01,6781
628,W35,1:53:06,6786
2429,W50,1:53:11,6791
138,W35,1:53:12,6792
3044,WU20,1:53:19,6799
3043,W50,1:53:19,6799
1172,W35,1:53:23,6803
645,W35,1:53:26,6806
697,W55,1:53:27,6807
6083,W45,1:53:28,6808
4193,W20,1:53:29,6809
6432,W50,1:53:31,6811
6402,W45,1:53:31,6811
6074,W50,1:53:34,6814
6176,W65,1:53:34,6814
1171,W45,1:53:41,6821
2247,W20,1:53:45,6825
1231,W20,1:53:45,6825
4440,W40,1:53:51,6831
5330,W40,1:53:53,6833
6069,W30,1:53:56,6836
1119,W50,1:54:02,6842
2023,W55,1:54:04,6844
5178,W70,1:54:08,6848
7045,W20,1:54:09,6849
662,W50,1:54:09,6849
134,W30,1:54:11,6851
921,W40,1:54:11,6851
2003,W35,1:54:12,6852
6326,W35,1:54:12,6852
5139,W35,1:54:13,6853
5134,W30,1:54:13,6853
687,W50,1:54:14,6854
6393,W20,1:54:18,6858
7144,W40,1:54:20,6860
4096,W40,1:54:26,6866
1858,W30,1:54:27,6867
5089,W40,1:54:29,6869
817,WU23,1:54:31,6871
1005,W40,1:54:33,6873
988,W40,1:54:34,6874
998,W40,1:54:34,6874
564,W45,1:54:38,6878
3463,W40,1:54:41,6881
3458,W40,1:54:41,6881
5129,W45,1:54:42,6882
1038,W45,1:54:43,6883
5478,W30,1:54:43,6883
5474,W50,1:54:44,6884
1535,WU23,1:54:46,6886
759,W55,1:54:55,6895
329,W50,1:54:59,6899
7151,W45,1:55:00,6900
2016,W30,1:55:03,6903
497,W50,1:55:09,6909
3593,W55,1:55:16,6916
1545,W20,1:55:26,6926
1847,W35,1:55:29,6929
1846,W30,1:55:29,6929
1843,W35,1:55:30,6930
2137,W55,1:55:35,6935
3350,W20,1:55:40,6940
2305,W20,1:55:48,6948
4005,W20,1:55:55,6955
4008,W55,1:56:01,6961
132,W20,1:56:07,6967
1539,W30,1:56:09,6969
4012,W20,1:56:13,6973
2039,W55,1:56:17,6977
7130,W50,1:56:18,6978
3688,WU20,1:56:18,6978
1818,W35,1:56:19,6979
2597,W30,1:56:23,6983
1067,W35,1:56:26,6986
4181,W50,1:56:27,6987
732,W40,1:56:28,6988
1912,W55,1:56:39,6999
1444,W20,1:56:45,7005
3414,W40,1:56:47,7007
4454,W30,1:56:50,7010
721,W70,1:56:51,7011
6062,W50,1:56:53,7013
685,W30,1:56:54,7014
675,W35,1:56:55,7015
1541,W55,1:56:56,7016
726,W60,1:56:57,7017
4003,W45,1:56:57,7017
4033,W40,1:56:58,7018
530,W35,1:56:59,7019
1679,W55,1:57:01,7021
2103,W60,1:57:07,7027
3659,W30,1:57:09,7029
2444,W40,1:57:11,7031
715,W50,1:57:14,7034
5154,W60,1:57:16,7036
6057,W40,1:57:18,7038
2565,W35,1:57:21,7041
3260,W35,1:57:23,7043
3265,W55,1:57:27,7047
3093,W35,1:57:27,7047
1016,W50,1:57:31,7051
1018,W40,1:57:31,7051
5240,W20,1:57:38,7058
2443,W20,1:57:38,7058
2440,W35,1:57:38,7058
1610,W55,1:57:40,7060
1440,W30,1:57:44,7064
1922,W20,1:57:44,7064
1433,W30,1:57:44,7064
1218,W20,1:57:45,7065
1976,W30,1:57:46,7066
1974,W30,1:57:46,7066
3308,W35,1:57:49,7069
1852,WU20,1:57:57,7077
1365,W40,1:58:10,7090
1704,W40,1:58:20,7100
5309,W50,1:58:23,7103
405,W55,1:58:24,7104
567,W40,1:58:36,7116
2546,W20,1:58:55,7135
2547,W20,1:58:55,7135
5149,W45,1:59:03,7143
1540,W55,1:59:04,7144
579,W40,1:59:06,7146
6445,W35,1:59:10,7150
1076,W70,1:59:11,7151
742,W20,1:59:19,7159
5584,W20,1:59:26,7166
6259,W45,1:59:28,7168
452,W50,1:59:33,7173
1355,W50,1:59:34,7174
3614,W40,1:59:44,7184
1244,W50,1:59:47,7187
3246,W50,1:59:53,7193
440,W50,1:59:53,7193
2043,W55,1:59:55,7195
5230,W40,1:59:56,7196
5229,W45,1:59:56,7196
1267,W35,1:59:56,7196
386,W50,1:59:57,7197
3473,W20,2:00:11,7211
830,W45,2:00:14,7214
2302,W20,2:00:17,7217
5132,W45,2:00:25,7225
5091,W40,2:00:25,7225
6085,W50,2:00:27,7227
5131,W20,2:00:27,7227
6375,W30,2:00:30,7230
335,W40,2:00:32,7232
1363,W55,2:00:33,7233
3363,W40,2:00:34,7234
443,W35,2:00:36,7236
658,W35,2:00:37,7237
2437,W20,2:00:43,7243
5487,W55,2:00:49,7249
3103,W65,2:00:56,7256
884,W45,2:00:56,7256
5510,W55,2:00:56,7256
3412,W40,2:00:58,7258
3002,W40,2:01:02,7262
5130,W55,2:01:03,7263
5347,W55,2:01:08,7268
471,W40,2:01:09,7269
4013,W50,2:01:09,7269
4015,W50,2:01:09,7269
4009,W40,2:01:09,7269
3054,W45,2:01:11,7271
4188,W35,2:01:25,7285
6376,W70,2:01:26,7286
363,W45,2:01:27,7287
676,W20,2:01:29,7289
5088,W45,2:01:31,7291
5162,W35,2:01:34,7294
5084,W55,2:01:37,7297
1262,W20,2:01:44,7304
1236,W30,2:01:44,7304
4408,W30,2:01:48,7308
900,W20,2:01:52,7312
1593,W30,2:01:57,7317
2614,W45,2:01:58,7318
2306,W40,2:02:02,7322
731,W20,2:02:03,7323
6218,W35,2:02:08,7328
479,W30,2:02:09,7329
1777,W40,2:02:17,7337
2389,W55,2:02:23,7343
5145,W30,2:02:39,7359
460,W20,2:02:49,7369
484,W35,2:02:53,7373
997,W30,2:02:55,7375
3490,W40,2:03:03,7383
385,WU20,2:03:14,7394
889,W50,2:03:20,7400
7120,W35,2:03:21,7401
2008,W40,2:03:22,7402
6179,W55,2:03:33,7413
3480,W30,2:03:49,7429
999,W75,2:03:52,7432
5077,W30,2:03:52,7432
5071,W55,2:03:53,7433
6070,W50,2:03:53,7433
1158,W20,2:03:59,7439
2145,W45,2:04:02,7442
2141,W45,2:04:02,7442
2067,W35,2:04:03,7443
1918,W40,2:04:33,7473
1917,W40,2:04:33,7473
1705,WU20,2:04:36,7476
544,W55,2:04:37,7477
1208,W55,2:05:07,7507
799,W40,2:05:20,7520
1385,W30,2:05:21,7521
462,W30,2:05:24,7524
448,W30,2:05:25,7525
2047,W55,2:05:25,7525
582,W55,2:05:27,7527
1118,W60,2:05:35,7535
3245,W45,2:05:38,7538
5030,W35,2:05:51,7551
5085,W20,2:05:57,7557
1933,WU23,2:06:10,7570
2036,W40,2:06:29,7589
2071,W55,2:06:30,7590
2005,W50,2:06:49,7609
1184,W55,2:07:02,7622
6078,W40,2:07:04,7624
1473,W35,2:07:06,7626
4016,W50,2:07:07,7627
3678,W50,2:07:25,7645
4040,W45,2:07:30,7650
5515,W40,2:07:32,7652
5530,W40,2:07:32,7652
5508,W40,2:07:32,7652
4007,W40,2:07:32,7652
4020,W45,2:07:32,7652
6125,W55,2:07:33,7653
6226,W20,2:08:01,7681
2613,W45,2:08:03,7683
1909,W45,2:08:03,7683
1910,W45,2:08:03,7683
1097,W20,2:08:05,7685
1013,W45,2:08:19,7699
2300,W50,2:08:40,7720
5168,W65,2:08:57,7737
1462,WU20,2:09:10,7750
2025,W45,2:09:15,7755
4265,W20,2:09:43,7783
483,W40,2:09:45,7785
1931,W35,2:09:45,7785
6337,W45,2:09:58,7798
3188,W45,2:10:00,7800
1924,W40,2:10:02,7802
6073,W45,2:10:16,7816
6084,W45,2:10:17,7817
1526,W35,2:10:18,7818
4328,W30,2:10:58,7858
5299,W50,2:11:07,7867
3034,W40,2:11:26,7886
358,W35,2:11:28,7888
1726,W35,2:11:40,7900
7005,W30,2:11:42,7902
1189,W40,2:11:43,7903
5349,W40,2:12:00,7920
6029,W50,2:12:22,7942
1781,W45,2:12:31,7951
3133,W55,2:12:54,7974
5143,W65,2:12:58,7978
2190,W50,2:13:28,8008
1235,W20,2:13:30,8010
1253,WU23,2:13:32,8012
7108,W35,2:13:34,8014
1399,W30,2:13:46,8026
5556,W35,2:13:48,8028
6024,W30,2:14:07,8047
6036,W30,2:14:10,8050
2080,W30,2:14:18,8058
756,W30,2:14:37,8077
6276,W20,2:15:11,8111
6280,W20,2:15:11,8111
7123,W45,2:15:39,8139
3689,W50,2:15:40,8140
3368,WU20,2:15:58,8158
541,W45,2:16:04,8164
5095,W30,2:16:48,8208
1193,W40,2:17:02,8222
5231,W60,2:17:05,8225
615,W20,2:17:22,8242
5136,W75,2:17:32,8252
6174,W30,2:17:38,8258
3305,W60,2:17:41,8261
6128,W35,2:17:48,8268
2139,W45,2:18:36,8316
1254,W45,2:19:04,8344
4010,W40,2:19:11,8351
1988,WU23,2:19:41,8381
1981,WU20,2:19:41,8381
6317,W45,2:19:50,8390
1356,W45,2:19:52,8392
1343,W45,2:20:11,8411
1052,W55,2:20:43,8443
1985,WU20,2:20:45,8445
6025,W50,2:20:58,8458
6033,W40,2:21:12,8472
5225,W35,2:21:13,8473
630,W20,2:21:47,8507
4133,W30,2:21:50,8510
660,W20,2:21:52,8512
1866,W35,2:22:07,8527
1867,W40,2:22:31,8551
5081,W60,2:22:36,8556
6022,W45,2:23:19,8599
1557,W45,2:23:23,8603
4029,W55,2:24:05,8645
4049,W40,2:25:11,8711
2068,W35,2:25:32,8732
2041,W55,2:26:02,8762
2481,W60,2:26:45,8805
3120,W50,2:27:15,8835
1758,W30,2:27:19,8839
1779,W35,2:27:19,8839
1768,W30,2:27:20,8840
2311,W35,2:27:24,8844
2317,W35,2:27:25,8845
2146,W40,2:28:13,8893
1213,W35,2:29:20,8960
2251,W35,2:30:36,9036
263,W40,2:32:38,9158
5328,W40,2:34:03,9243
3114,W75,2:41:06,9666
3175,W35,2:41:19,9679
6166,W45,2:44:02,9842
6165,W45,2:44:02,9842
5297,W20,2:44:49,9889
3127,W55,2:47:28,10048
2064,W50,2:50:22,10222
7221,W30,2:50:33,10233
